country,region_id,authority_id,auth_name_e,old_park_id,new_park_id,park_offical_id
England,E12000007,E09000023,Lewisham,LEWIS_42269b05ca9c;LEWIS_63d5adcefa80,ea70a749fbb8,LEWIS_0
England,E12000007,E09000023,Lewisham,LEWIS_530cfec35a74;LEWIS_7f4c9791c58f,31b653554f19,LEWIS_1
England,E12000007,E09000023,Lewisham,LEWIS_dbb79b817288;LEWIS_a8fbc2b4256c,16f5703aa7e5,LEWIS_2
England,E12000007,E09000023,Lewisham,LEWIS_555deeab28c0;LEWIS_8d4c599f7e5d,6a724226523a,LEWIS_3
England,E12000007,E09000023,Lewisham,LEWIS_559536faa113;LEWIS_a591884c9f6f,6737e03ac969,LEWIS_4
England,E12000007,E09000023,Lewisham,LEWIS_603328f7c7c0;LEWIS_f3c4134f137d,3fd48f9540ee,LEWIS_5
England,E12000007,E09000023,Lewisham,LEWIS_f29083b0f872;LEWIS_95eb20205863,ef95b7706b68,LEWIS_6
England,E12000007,E09000023,Lewisham,LEWIS_b15180753e0f;LEWIS_64e0a664c593;LEWIS_6c12760b4714,96aa087a9972,LEWIS_7
England,E12000007,E09000023,Lewisham,LEWIS_68193040bbf5;LEWIS_642fba1d9771,d85b9aaf53fc,LEWIS_8
England,E12000007,E09000023,Lewisham,LEWIS_a7bfb645fb21;LEWIS_b9d9458d81c5,c9179498c2af,LEWIS_9
England,E12000007,E09000023,Lewisham,LEWIS_c7d912d16a3f;LEWIS_96c20f9241af,40230f22bcf3,LEWIS_10
England,E12000007,E09000023,Lewisham,LEWIS_5907a8f8d940;LEWIS_08f0fac49978;LEWIS_56f9671c1d40,1030a1d079ba,LEWIS_11
England,E12000007,E09000023,Lewisham,LEWIS_a074e1113d35;LEWIS_87f0a3a51fd4;LEWIS_46bab49092cb,04af7dad3937,LEWIS_12
England,E12000007,E09000023,Lewisham,LEWIS_1cc72e3fd553,21d27a83400a,LEWIS_13
England,E12000007,E09000023,Lewisham,LEWIS_03b137c011e9;LEWIS_d0af4ff8aee8,aee9cb00cc00,LEWIS_14
England,E12000007,E09000023,Lewisham,LEWIS_199752a42341,c1876abe53fc,LEWIS_15
England,E12000007,E09000023,Lewisham,LEWIS_ecc279a07961,75dc872166b7,LEWIS_16
England,E12000007,E09000023,Lewisham,LEWIS_bd76ee64a390;LEWIS_41db06e312d1,6df68cfb074e,LEWIS_17
England,E12000007,E09000023,Lewisham,LEWIS_296a6ddb5e27;LEWIS_d8ce352bc849,48a8d22d577b,LEWIS_18
England,E12000007,E09000023,Lewisham,LEWIS_3153af8a90b5;LEWIS_fb56a053fd4f,809d4d213156,LEWIS_19
England,E12000007,E09000023,Lewisham,LEWIS_d0840b3ac8a6,2698f407e0c3,LEWIS_20
England,E12000007,E09000023,Lewisham,LEWIS_4556735a33f4,3b37fd2f0fdd,LEWIS_21
England,E12000007,E09000023,Lewisham,LEWIS_6cdc2fa50ae0;LEWIS_5bb934543da9,2f8dbfba1a10,LEWIS_22
England,E12000007,E09000023,Lewisham,LEWIS_990e37470b4e;LEWIS_8b16aceb7627,b55bc4689ece,LEWIS_23
England,E12000007,E09000023,Lewisham,LEWIS_2e2427185fe3;LEWIS_15b040499ff4,41d91b3789bd,LEWIS_24
England,E12000007,E09000023,Lewisham,LEWIS_24f5005697b7;LEWIS_7fcc864073af,d200b0695eee,LEWIS_25
England,E12000007,E09000023,Lewisham,LEWIS_262e912bfc78;LEWIS_1025be1a3f1b;LEWIS_51ec09ff3e4e,612a6d63efbf,LEWIS_26
England,E12000007,E09000023,Lewisham,LEWIS_4f86aaf5add8;LEWIS_f79f28343946,241a459d618b,LEWIS_27
England,E12000007,E09000023,Lewisham,LEWIS_c48142c4dc8f;LEWIS_b5d32125aa4b,8e18f3104a98,LEWIS_28
England,E12000007,E09000023,Lewisham,LEWIS_403ceacc72c4;LEWIS_f67dfb99c15b,7267b3f1e9f3,LEWIS_29
England,E12000007,E09000023,Lewisham,LEWIS_c85a2db221ee;LEWIS_348b645c4e27;LEWIS_1ce3e6d90ca4,99ea45f27025,LEWIS_30
England,E12000007,E09000023,Lewisham,LEWIS_bdd90d098912;LEWIS_9984a34c4e6e;LEWIS_d2894b35fbaf,241fc01c0d37,LEWIS_31
England,E12000007,E09000023,Lewisham,LEWIS_b3819d674713;LEWIS_efa1683d8a46,671e3a401516,LEWIS_32
England,E12000007,E09000023,Lewisham,LEWIS_4f8129a682d4;LEWIS_37037d8aa766;LEWIS_ca744ddfab78;LEWIS_f7a9a04d454a,90ccf578cbd7,LEWIS_33
England,E12000007,E09000023,Lewisham,LEWIS_76f18dc3c973;LEWIS_5cb33e986b9a,8983e9d9acda,LEWIS_34
England,E12000007,E09000023,Lewisham,LEWIS_f2b95ae4f746,65dc86d8a48e,LEWIS_35
England,E12000007,E09000023,Lewisham,LEWIS_ed9804258003,08bacb031e98,LEWIS_36
England,E12000007,E09000023,Lewisham,LEWIS_797d96be3b98;LEWIS_28a8babbeb4a,928b2a7b6f5d,LEWIS_37
England,E12000007,E09000023,Lewisham,LEWIS_3e679ea56b65;LEWIS_db9dbdd4df68;LEWIS_18319cb2c49b;LEWIS_7d6933af305f;LEWIS_d8f9d7985cee,a104ebaaa083,LEWIS_38
England,E12000007,E09000023,Lewisham,LEWIS_e232480d8772;LEWIS_c153f2005e47,0c2107ba336e,LEWIS_39
England,E12000007,E09000023,Lewisham,LEWIS_14cc2f4bc2c4;LEWIS_fe7a99a8269b;LEWIS_05fc038844fc,51be2a191aa2,LEWIS_40
England,E12000007,E09000023,Lewisham,LEWIS_e0fdd3ddb586;LEWIS_7065ac54ea08,eeb4efecd622,LEWIS_41
England,E12000007,E09000023,Lewisham,LEWIS_3fd3e3fe599f;LEWIS_273073ea7efc,3ba71792c55f,LEWIS_42
England,E12000007,E09000023,Lewisham,LEWIS_631a24035cae;LEWIS_ee6196785b21,31015be9dcea,LEWIS_43
England,E12000007,E09000023,Lewisham,LEWIS_06b7cfcc497c;LEWIS_8d4cca7498ae,70fa2497a843,LEWIS_44
England,E12000007,E09000023,Lewisham,LEWIS_d92d1c0b918a;LEWIS_765e0aa8a0b6;LEWIS_3cd6766454f7,1e6a27aa6957,LEWIS_45
England,E12000007,E09000023,Lewisham,LEWIS_22fd76688fd6;LEWIS_2e59790bf18f,718d98ed7ff8,LEWIS_46
England,E12000007,E09000023,Lewisham,LEWIS_d5f6a656833a;LEWIS_3476d0f4d614;LEWIS_56b3e7817fc0;LEWIS_5d2e2f831fc8;LEWIS_608b289ed766;LEWIS_17d6ef659af5;LEWIS_8775272a0b42;LEWIS_be6ed25e57f3;LEWIS_27b896580a22;LEWIS_977c8a4dbc0d,275fbd89faa7,LEWIS_47
England,E12000007,E09000023,Lewisham,LEWIS_9d9e647c2e37;LEWIS_2a78306d71cc;LEWIS_96a09885cbc3;LEWIS_7cc22dd07969,8f1f4665368e,LEWIS_48
England,E12000007,E09000023,Lewisham,LEWIS_712a64af528a;LEWIS_ce47aef9d1b1;LEWIS_d8a82400877d;LEWIS_6a5e221d68ed;LEWIS_28b7a61453f4;LEWIS_00236d38a7e0;LEWIS_6de28a0382bb,65a34706b5ee,LEWIS_49
England,E12000007,E09000023,Lewisham,LEWIS_f4c702cd8aba;LEWIS_d8b56de5ed8b,15a855347184,LEWIS_50
England,E12000007,E09000023,Lewisham,LEWIS_e87214789099,51ac2de6fb55,LEWIS_51
England,E12000007,E09000023,Lewisham,LEWIS_6f1773673a54;LEWIS_ea6906eb67ae,655dc5d24768,LEWIS_52
England,E12000007,E09000023,Lewisham,LEWIS_2f240a9a98bb;LEWIS_12a078f77fee,9ba769072a9c,LEWIS_53
England,E12000007,E09000023,Lewisham,LEWIS_58dadeb3aa21;LEWIS_c19eed7c95bd,56b7211d098a,LEWIS_54
England,E12000007,E09000023,Lewisham,LEWIS_5c5f0bfaabc8;LEWIS_063731b46246,2967e2c772d7,LEWIS_55
England,E12000007,E09000023,Lewisham,LEWIS_9aab6a5b10d2,f71a724675a6,LEWIS_56
England,E12000007,E09000023,Lewisham,LEWIS_08505e50db4f;LEWIS_2ea5fc635105,c1dcd4d95a12,LEWIS_57
England,E12000007,E09000023,Lewisham,LEWIS_78b55bc04f7b;LEWIS_685548fb79d9,b9006b633a62,LEWIS_58
England,E12000007,E09000023,Lewisham,LEWIS_e4bc2899c917,c7875805bd39,LEWIS_59
England,E12000007,E09000023,Lewisham,LEWIS_9a8a03821432,2215c8cee9c7,LEWIS_60
England,E12000007,E09000023,Lewisham,LEWIS_5057954dc110,6eeb9a6a3743,LEWIS_61
England,E12000007,E09000023,Lewisham,LEWIS_95da45b7522f,ae06d64d1824,LEWIS_62
England,E12000007,E09000023,Lewisham,LEWIS_67e5febefea5,1a004b314f77,LEWIS_63
England,E12000007,E09000023,Lewisham,LEWIS_88dc2aa8a293,da3f48360985,LEWIS_64
England,E12000007,E09000023,Lewisham,LEWIS_e3d50b6910ba,4ce949c0af44,LEWIS_65
England,E12000007,E09000023,Lewisham,LEWIS_d68a1c1e053c,bd185ddc8e94,LEWIS_66
England,E12000007,E09000023,Lewisham,LEWIS_ef26e64a6777;LEWIS_a2056edd5255,854f5aecbab4,LEWIS_67
England,E12000007,E09000023,Lewisham,LEWIS_39d9544ee67c,018956df07d9,LEWIS_68
England,E12000007,E09000023,Lewisham,LEWIS_4038f7f7f601;LEWIS_e22bc4bca57a;LEWIS_451c2eef8d07;LEWIS_4d0f103697d6;LEWIS_17dd53401da1;LEWIS_16ebe8a2ec23;LEWIS_c6fb5ae9e44f;LEWIS_09b854f24fe5;LEWIS_6e3443265c56,9bad3e819d45,LEWIS_69
England,E12000007,E09000023,Lewisham,LEWIS_ed889976d533,4ed67cd8f805,LEWIS_70
England,E12000007,E09000023,Lewisham,LEWIS_52f734ddb156,78143db99be8,LEWIS_71
England,E12000007,E09000023,Lewisham,LEWIS_3da6efd05376,68751dc46abf,LEWIS_72
England,E12000007,E09000023,Lewisham,LEWIS_e0d1c09f49f0,5fb038aaa38e,LEWIS_73
England,E12000007,E09000023,Lewisham,LEWIS_a471af2aed1c,8acb18f9c8ca,LEWIS_74
England,E12000007,E09000023,Lewisham,LEWIS_74bf93873137,9dd70397b764,LEWIS_75
England,E12000007,E09000023,Lewisham,LEWIS_a0f2dbfd5c78,4120b19e1f3a,LEWIS_76
England,E12000007,E09000023,Lewisham,LEWIS_c7ff1448ba5b,4b813bea24f3,LEWIS_77
England,E12000007,E09000023,Lewisham,LEWIS_0e485c8a5179,cb4f7165f513,LEWIS_78
England,E12000007,E09000023,Lewisham,LEWIS_cc59cc4ffb71,f3be4ecd8a86,LEWIS_79
England,E12000007,E09000023,Lewisham,LEWIS_0eb8e3de46b7,e75fd547c739,LEWIS_80
England,E12000007,E09000023,Lewisham,LEWIS_7ebfdc9bd686,47d17e989b3f,LEWIS_81
England,E12000007,E09000023,Lewisham,LEWIS_746f2a668b19,804bfe311dd9,LEWIS_82
England,E12000007,E09000023,Lewisham,LEWIS_74c8afd6b1bb,bd06ee6d4063,LEWIS_83
England,E12000007,E09000023,Lewisham,LEWIS_ae05cdff6750,6933699f57f6,LEWIS_84
England,E12000007,E09000023,Lewisham,LEWIS_827beedf77eb,95edfaa5624e,LEWIS_85
England,E12000007,E09000023,Lewisham,LEWIS_09e428dc65d4,32d20fbc7765,LEWIS_86
England,E12000007,E09000023,Lewisham,LEWIS_98f9d2e1384e,9b50e7d75fa8,LEWIS_87
England,E12000007,E09000023,Lewisham,LEWIS_f40692295ce9,3e921a5213ac,LEWIS_88
England,E12000007,E09000023,Lewisham,LEWIS_8159fd55eff7,84f99f591022,LEWIS_89
England,E12000007,E09000023,Lewisham,LEWIS_22b5c5bfa8fe,99d43e2cca2f,LEWIS_90
England,E12000007,E09000023,Lewisham,LEWIS_83ee61b8f1c2,4bdbdb956f8b,LEWIS_91
England,E12000007,E09000023,Lewisham,LEWIS_f38806ef3644,10a1729f1b11,LEWIS_92
England,E12000007,E09000023,Lewisham,LEWIS_6ff56e6d7869,91716ebea18e,LEWIS_93
England,E12000007,E09000023,Lewisham,LEWIS_7df0bc9f2c9c,4e36c47b7cfe,LEWIS_94
England,E12000007,E09000023,Lewisham,LEWIS_ff33c989ef57,f67d7fde3f44,LEWIS_95
England,E12000007,E09000023,Lewisham,LEWIS_d8e57be86e07,337f1bb1d1c5,LEWIS_96
England,E12000007,E09000023,Lewisham,LEWIS_aac2ad676920,556d65f9d71b,LEWIS_97
England,E12000007,E09000023,Lewisham,LEWIS_546d16050cc4,6f757fe2f363,LEWIS_98
England,E12000007,E09000023,Lewisham,LEWIS_787c5a3346e4,9b2f848b4f54,LEWIS_99
England,E12000007,E09000023,Lewisham,LEWIS_92093aabc172,a054557c9154,LEWIS_100
England,E12000007,E09000023,Lewisham,LEWIS_ae50135cd3e9,72eeef9c85fa,LEWIS_101
England,E12000007,E09000023,Lewisham,LEWIS_dd214c7254b7,09b92cd13d1c,LEWIS_102
England,E12000007,E09000023,Lewisham,LEWIS_1a05e24f5745,401e04e2cd4a,LEWIS_103
England,E12000007,E09000023,Lewisham,LEWIS_73eeccb662ba,cf102382e972,LEWIS_104
England,E12000007,E09000023,Lewisham,LEWIS_078ac4af49af,baa6f4fcd048,LEWIS_105
England,E12000007,E09000023,Lewisham,LEWIS_b1faea80394e,536435ed56a2,LEWIS_106
England,E12000007,E09000023,Lewisham,LEWIS_d77b0d83e0e8,54206bb3befe,LEWIS_107
England,E12000007,E09000023,Lewisham,LEWIS_94fb64dc9578,32f487e70be2,LEWIS_108
England,E12000007,E09000023,Lewisham,LEWIS_32d5312dcd8d,bcf3b777a959,LEWIS_109
England,E12000007,E09000023,Lewisham,LEWIS_0b2066639f55,29c2a58d16f4,LEWIS_110
England,E12000007,E09000023,Lewisham,LEWIS_3361a2c09ad8,081914006617,LEWIS_111
England,E12000007,E09000023,Lewisham,LEWIS_e702a153a899,1ac874f58cfd,LEWIS_112
England,E12000007,E09000023,Lewisham,LEWIS_f6e5c8012d5d,6e0904cac50e,LEWIS_113
England,E12000007,E09000023,Lewisham,LEWIS_301e4aa68bca,27051f7890b8,LEWIS_114
England,E12000007,E09000023,Lewisham,LEWIS_4c2bba4824c7,dee2fb73d80c,LEWIS_115
England,E12000007,E09000023,Lewisham,LEWIS_0c73bc0ab8ab,ad3a779004f4,LEWIS_116
England,E12000007,E09000023,Lewisham,LEWIS_f06560bfb071,3e3890549ac6,LEWIS_117
England,E12000007,E09000023,Lewisham,LEWIS_0c4e5e7e7704,77342fb30b8e,LEWIS_118
England,E12000007,E09000023,Lewisham,LEWIS_8ea66c72ce34,ab8e7f52a6b9,LEWIS_119
England,E12000007,E09000023,Lewisham,LEWIS_b7becaa21cc8,8bba6452e9f0,LEWIS_120
England,E12000007,E09000023,Lewisham,LEWIS_3f850169b78b,f1032a1e28b5,LEWIS_121
England,E12000007,E09000023,Lewisham,LEWIS_151fb06602ab,099cf1d1aec6,LEWIS_122
England,E12000007,E09000023,Lewisham,LEWIS_30f50a10602e,bcd8d8db8342,LEWIS_123
England,E12000007,E09000023,Lewisham,LEWIS_af313dffd53b,6a1a4ec9475a,LEWIS_124
England,E12000007,E09000023,Lewisham,LEWIS_006060d00a30,008500c48f30,LEWIS_125
England,E12000007,E09000023,Lewisham,LEWIS_1da6e1d51915,f778c54bfe4e,LEWIS_126
England,E12000007,E09000023,Lewisham,LEWIS_9d00198158c5,45bd487edeb1,LEWIS_127
England,E12000007,E09000023,Lewisham,LEWIS_bf6a0e4841d9,f887d8d1c138,LEWIS_128
England,E12000007,E09000023,Lewisham,LEWIS_623451b7640c,99c7f3582736,LEWIS_129
England,E12000007,E09000023,Lewisham,LEWIS_5ee02156d7d9,10fb00720658,LEWIS_130
England,E12000007,E09000023,Lewisham,LEWIS_5b6a7b393629,ea6a882faeda,LEWIS_131
England,E12000007,E09000023,Lewisham,LEWIS_0ebb872bb863,31773a879059,LEWIS_132
England,E12000007,E09000023,Lewisham,LEWIS_d598c0c49307,f88db043c600,LEWIS_133
England,E12000007,E09000023,Lewisham,LEWIS_5fbad6c417a5,d519c50ac3ad,LEWIS_134
England,E12000007,E09000023,Lewisham,LEWIS_d831f4e2a4ff,5d4b5c3b0185,LEWIS_135
England,E12000007,E09000023,Lewisham,LEWIS_241f8959a823,e7d5c7a23331,LEWIS_136
England,E12000007,E09000023,Lewisham,LEWIS_9348ebac4145,986b3875ead2,LEWIS_137
England,E12000007,E09000023,Lewisham,LEWIS_5b1937229835,22465bf321ae,LEWIS_138
England,E12000007,E09000023,Lewisham,LEWIS_f45da73ccad3,020284a2e8e0,LEWIS_139
England,E12000007,E09000023,Lewisham,LEWIS_f2a7b5f50e9d,09ec39b602a2,LEWIS_140
England,E12000007,E09000023,Lewisham,LEWIS_9ca08034e453,c4ebf8b27807,LEWIS_141
England,E12000007,E09000023,Lewisham,LEWIS_236accabc18b,a69429d18d10,LEWIS_142
England,E12000007,E09000023,Lewisham,LEWIS_946dbfe143ab,2545aee632cc,LEWIS_143
England,E12000007,E09000023,Lewisham,LEWIS_fa3168d24967,edf85ea123a7,LEWIS_144
England,E12000007,E09000023,Lewisham,LEWIS_3a43facd93ff,04cd8d2f6093,LEWIS_145
England,E12000007,E09000023,Lewisham,LEWIS_dff316f6f1f5,860a9d59094b,LEWIS_146
England,E12000007,E09000023,Lewisham,LEWIS_a36a95111d0c,a4027467cb42,LEWIS_147
England,E12000007,E09000023,Lewisham,LEWIS_261a904af022,c903497bf10d,LEWIS_148
England,E12000007,E09000023,Lewisham,LEWIS_d116fecaec60,caa8869d5066,LEWIS_149
England,E12000007,E09000023,Lewisham,LEWIS_05ca9ee50ec8,9f12a6f700f3,LEWIS_150
England,E12000007,E09000023,Lewisham,LEWIS_33db79f2d386,8ca77b9916bf,LEWIS_151
England,E12000007,E09000023,Lewisham,LEWIS_c9c60021e384,286d107cd498,LEWIS_152
England,E12000007,E09000023,Lewisham,LEWIS_3e3c49f71783,d813c9295011,LEWIS_153
England,E12000007,E09000023,Lewisham,LEWIS_2d4fa9b8f41c,8ea9df1d26c2,LEWIS_154
England,E12000007,E09000023,Lewisham,LEWIS_06cf6a587c02,e89c067a5305,LEWIS_155
England,E12000007,E09000023,Lewisham,LEWIS_3806e6f223cb,1da26f95aaf1,LEWIS_156
England,E12000007,E09000023,Lewisham,LEWIS_acd31f511ae1,7e98ff4f35ac,LEWIS_157
England,E12000007,E09000023,Lewisham,LEWIS_eaa0c9e0a418,a2787fba89f8,LEWIS_158
England,E12000007,E09000023,Lewisham,LEWIS_a9f1f6c547a8,e58d93ee9f73,LEWIS_159
England,E12000007,E09000023,Lewisham,LEWIS_3b5ca5c56bcf,7b4208a696b6,LEWIS_160
England,E12000007,E09000023,Lewisham,LEWIS_9ec5f35c4ab4,369a6163719e,LEWIS_161
England,E12000007,E09000023,Lewisham,LEWIS_367d532ecee1,5137c90d8fc3,LEWIS_162
England,E12000007,E09000023,Lewisham,LEWIS_c85ead840b61,27a134182436,LEWIS_163
England,E12000007,E09000023,Lewisham,LEWIS_0191b8e20dba,1b0d25e419a4,LEWIS_164
England,E12000007,E09000023,Lewisham,LEWIS_6beba280496b,1f87401a2b9b,LEWIS_165
England,E12000007,E09000023,Lewisham,LEWIS_56563489a141,a60f64a6e085,LEWIS_166
England,E12000007,E09000023,Lewisham,LEWIS_6f397821075f,e338fe4d86af,LEWIS_167
England,E12000007,E09000023,Lewisham,LEWIS_d870fb650b0d,8def2402374e,LEWIS_168
England,E12000007,E09000023,Lewisham,LEWIS_39b9359d3c1a,6a2c91f1602a,LEWIS_169
England,E12000007,E09000023,Lewisham,LEWIS_3e72f626d196,edbaadbca295,LEWIS_170
England,E12000007,E09000023,Lewisham,LEWIS_bde69e5735ae,0007bbca03c6,LEWIS_171
England,E12000007,E09000023,Lewisham,LEWIS_8638e1a2aadb,71c26860522a,LEWIS_172
England,E12000007,E09000023,Lewisham,LEWIS_38a229b7625a,17d0c4cc9dec,LEWIS_173
England,E12000007,E09000023,Lewisham,LEWIS_8985e682b30a,7ec8b41ef891,LEWIS_174
England,E12000007,E09000023,Lewisham,LEWIS_33199d4f6c14,772498e58948,LEWIS_175
England,E12000007,E09000023,Lewisham,LEWIS_7095500a4333,741c52410f0e,LEWIS_176
England,E12000007,E09000023,Lewisham,LEWIS_1ec284f76278,52d3b4a0ddd2,LEWIS_177
England,E12000007,E09000023,Lewisham,LEWIS_209aaf8ba933,d5a49294d945,LEWIS_178
England,E12000007,E09000023,Lewisham,LEWIS_8e6de9ea7cb0,d2975686adc4,LEWIS_179
England,E12000007,E09000023,Lewisham,LEWIS_ec5c2a02faf7,3d916442f05e,LEWIS_180
England,E12000007,E09000023,Lewisham,LEWIS_963abe88fd82,bdf655a10484,LEWIS_181
England,E12000007,E09000023,Lewisham,LEWIS_9506163ed555,15dc7c9bb6f4,LEWIS_182
England,E12000007,E09000023,Lewisham,LEWIS_65681d9a8964,b24da173ae59,LEWIS_183
England,E12000007,E09000023,Lewisham,LEWIS_332c76c51109,05e0c97e5496,LEWIS_184
England,E12000007,E09000023,Lewisham,LEWIS_1540c7638767,c35b17b65427,LEWIS_185
England,E12000007,E09000023,Lewisham,LEWIS_efdc299acbcd,8ae62ee2fd60,LEWIS_186
England,E12000007,E09000023,Lewisham,LEWIS_66cc4bdbbbaf,6edca64202e3,LEWIS_187
England,E12000007,E09000023,Lewisham,LEWIS_40301b711b5f,01b726accf22,LEWIS_188
England,E12000007,E09000023,Lewisham,LEWIS_a8e5cc6bba6a,cbbf09d470f1,LEWIS_189
England,E12000007,E09000023,Lewisham,LEWIS_28fa12899cb8,3e1e752373f9,LEWIS_190
England,E12000007,E09000023,Lewisham,LEWIS_7217729a078b,e94b61957e5c,LEWIS_191
England,E12000007,E09000023,Lewisham,LEWIS_6b9ec8d553dd,f479c8543270,LEWIS_192
England,E12000007,E09000023,Lewisham,LEWIS_d1a89c105a92,1f88315338f7,LEWIS_193
England,E12000007,E09000023,Lewisham,LEWIS_c0c9b04a36ce,09ce8fac585e,LEWIS_194
England,E12000007,E09000023,Lewisham,LEWIS_7e316ea3ad07,ecfbc5d9a65f,LEWIS_195
England,E12000007,E09000023,Lewisham,LEWIS_84096daead67,863d1f49ca6c,LEWIS_196
England,E12000007,E09000023,Lewisham,LEWIS_7286472003bc,6240a80523ab,LEWIS_197
England,E12000007,E09000023,Lewisham,LEWIS_abab44830b37,9f03e8640dab,LEWIS_198
England,E12000007,E09000023,Lewisham,LEWIS_8b0f26822167,2077db2de1a5,LEWIS_199
England,E12000007,E09000023,Lewisham,LEWIS_a7d619fd277d,ab004f26ea95,LEWIS_200
England,E12000007,E09000023,Lewisham,LEWIS_4a28f844c9b3,7d3ab984a392,LEWIS_201
England,E12000007,E09000023,Lewisham,LEWIS_1fc696430423,58e6b2d4df62,LEWIS_202
England,E12000007,E09000023,Lewisham,LEWIS_92b30d58a30e,68e4e653a127,LEWIS_203
England,E12000007,E09000023,Lewisham,LEWIS_35a68aa2289b,caa876998d7c,LEWIS_204
England,E12000007,E09000023,Lewisham,LEWIS_cb3c7942a208,de267c6234f1,LEWIS_205
England,E12000007,E09000023,Lewisham,LEWIS_13d8d7d3ed13,f90d66485529,LEWIS_206
England,E12000007,E09000023,Lewisham,LEWIS_006dad9563fc,b979448a68d0,LEWIS_207
England,E12000007,E09000023,Lewisham,LEWIS_c486a85f6061,bd9d4eabbb0e,LEWIS_208
England,E12000007,E09000023,Lewisham,LEWIS_7f1d5110ddc7,6a01f6d46499,LEWIS_209
England,E12000007,E09000023,Lewisham,LEWIS_8f8068d9e099,63c5f0c58d86,LEWIS_210
England,E12000007,E09000023,Lewisham,LEWIS_754c51f97417,4c6a1d1f6194,LEWIS_211
England,E12000007,E09000023,Lewisham,LEWIS_2c6803fd45da,5476f7bc3326,LEWIS_212
England,E12000007,E09000023,Lewisham,LEWIS_7cacfc32e6cb,0babb417f95c,LEWIS_213
England,E12000007,E09000023,Lewisham,LEWIS_78cb1d095d5a,9fb6318b6be1,LEWIS_214
England,E12000007,E09000023,Lewisham,LEWIS_49a2853be259,7bbdc0a1d35a,LEWIS_215
England,E12000007,E09000023,Lewisham,LEWIS_984162ff3a8c,e76500f4ba09,LEWIS_216
England,E12000007,E09000023,Lewisham,LEWIS_0ce84a4a2e43,b872ea9a4f5a,LEWIS_217
England,E12000007,E09000023,Lewisham,LEWIS_9e1d9018c758,962f34f29dfc,LEWIS_218
England,E12000007,E09000023,Lewisham,LEWIS_a7a7c8bbe8da,9d2738eda973,LEWIS_219
England,E12000007,E09000023,Lewisham,LEWIS_f4f3d89716e7,7e4a0837d11d,LEWIS_220
England,E12000007,E09000023,Lewisham,LEWIS_9f60c560a364,94640add5430,LEWIS_221
England,E12000007,E09000023,Lewisham,LEWIS_f90475df319b,4c3a436091d1,LEWIS_222
England,E12000007,E09000023,Lewisham,LEWIS_575f1fd822a7,b33010f5ce4e,LEWIS_223
England,E12000007,E09000023,Lewisham,LEWIS_6f6a39c6bfc2,222e344f2cb2,LEWIS_224
England,E12000007,E09000023,Lewisham,LEWIS_1427d50918be,29cf1b244041,LEWIS_225
England,E12000007,E09000023,Lewisham,LEWIS_0ff9881fa46e,a53a8c7e296d,LEWIS_226
England,E12000007,E09000023,Lewisham,LEWIS_0a996748a122,5cb74f9d6ffa,LEWIS_227
England,E12000007,E09000023,Lewisham,LEWIS_326e36e9d7d4,8e96fee37691,LEWIS_228
England,E12000007,E09000023,Lewisham,LEWIS_c04072a6a9f5,c4915e97cc9b,LEWIS_229
England,E12000007,E09000023,Lewisham,LEWIS_039d30722214,b34ec3ac9281,LEWIS_230
England,E12000007,E09000023,Lewisham,LEWIS_b56e8c77a188,591365b34996,LEWIS_231
England,E12000007,E09000023,Lewisham,LEWIS_f53e253922ee,1ec6a02e9f12,LEWIS_232
England,E12000007,E09000023,Lewisham,LEWIS_4905a4e59e11,b108e8b0055a,LEWIS_233
England,E12000007,E09000023,Lewisham,LEWIS_b9661508348a,0fcbb151989e,LEWIS_234
England,E12000007,E09000023,Lewisham,LEWIS_48ebd9799b8f,72797c559c12,LEWIS_235
England,E12000007,E09000023,Lewisham,LEWIS_8d07e33d49b7,a22ea5028c0c,LEWIS_236
England,E12000007,E09000023,Lewisham,LEWIS_679df2b94164,0c0fab2a39c4,LEWIS_237
England,E12000007,E09000023,Lewisham,LEWIS_7f58d4ca57dc,ba2a11b45e98,LEWIS_238
England,E12000007,E09000023,Lewisham,LEWIS_7729d9c97a05,b37890eff059,LEWIS_239
England,E12000007,E09000023,Lewisham,LEWIS_4a677ba5dd59,c720dc8e20a8,LEWIS_240
England,E12000007,E09000023,Lewisham,LEWIS_c39be4386a83,b6604a7b796d,LEWIS_241
England,E12000007,E09000023,Lewisham,LEWIS_ca23292e4e49,fd90c3c63bee,LEWIS_242
England,E12000007,E09000023,Lewisham,LEWIS_54e3ed638ae4,4f25724fd128,LEWIS_243
England,E12000007,E09000023,Lewisham,LEWIS_1d33550581d7,211a42fc67c9,LEWIS_244
England,E12000007,E09000023,Lewisham,LEWIS_826505edca9a,6d48e6fcfc2a,LEWIS_245
England,E12000007,E09000023,Lewisham,LEWIS_7c58870da11b,b1112f616745,LEWIS_246
England,E12000007,E09000023,Lewisham,LEWIS_285bc7c21d62,7026f5176207,LEWIS_247
England,E12000007,E09000023,Lewisham,LEWIS_2388d3479a7f,6d753c4a856b,LEWIS_248
England,E12000007,E09000023,Lewisham,LEWIS_938d2cf0d448,36da5b61e03b,LEWIS_249
England,E12000007,E09000023,Lewisham,LEWIS_ecef46762c2a,08f39fbb664d,LEWIS_250
England,E12000007,E09000023,Lewisham,LEWIS_4db97e8d95ab,cbf17f7edb26,LEWIS_251
England,E12000007,E09000023,Lewisham,LEWIS_323a2495fcf2,be952bb90fc7,LEWIS_252
England,E12000007,E09000023,Lewisham,LEWIS_726befc378f2,c8d16a4964c4,LEWIS_253
England,E12000007,E09000023,Lewisham,LEWIS_ddfeeb5e1679,7c33c1ebeae2,LEWIS_254
England,E12000007,E09000023,Lewisham,LEWIS_c32b7540233f,d12ca9448089,LEWIS_255
England,E12000007,E09000023,Lewisham,LEWIS_97b74cfc428d,a476548ea8eb,LEWIS_256
England,E12000007,E09000023,Lewisham,LEWIS_4e555f1ae7ea,00fbbe345b2c,LEWIS_257
England,E12000007,E09000023,Lewisham,LEWIS_391dc0ea24f6,16b10225ccd7,LEWIS_258
England,E12000007,E09000023,Lewisham,LEWIS_b465fef51a2e,801fdf3288ee,LEWIS_259
England,E12000007,E09000023,Lewisham,LEWIS_16b14a5c3164,72e9c76b1a0d,LEWIS_260
England,E12000007,E09000023,Lewisham,LEWIS_8264dc20b49a,df4148afe3f4,LEWIS_261
England,E12000007,E09000023,Lewisham,LEWIS_c94f17b01a92,f809d6d5fde3,LEWIS_262
England,E12000007,E09000023,Lewisham,LEWIS_9d78ad17bd74,c061c54e2422,LEWIS_263
England,E12000007,E09000023,Lewisham,LEWIS_4920b63bb93d,d684596b7b1c,LEWIS_264
England,E12000007,E09000023,Lewisham,LEWIS_e5170025f902,4c91e51a5989,LEWIS_265
England,E12000007,E09000023,Lewisham,LEWIS_21e1aedb4940,3db7d6e51b88,LEWIS_266
England,E12000007,E09000023,Lewisham,LEWIS_5fc237553926,e5c6654065e0,LEWIS_267
England,E12000007,E09000023,Lewisham,LEWIS_82768f844e48,f93522d134ea,LEWIS_268
England,E12000007,E09000023,Lewisham,LEWIS_d3c3ccb796c9,dcdb5eddf96a,LEWIS_269
England,E12000007,E09000023,Lewisham,LEWIS_81a9b213f27c,29fe6f67d0e3,LEWIS_270
England,E12000007,E09000023,Lewisham,LEWIS_cd0cf846bc85,b81c741cbd1e,LEWIS_271
England,E12000007,E09000023,Lewisham,LEWIS_43b926f0c7f7,c924c442f291,LEWIS_272
England,E12000007,E09000023,Lewisham,LEWIS_c1f9f9f2254b,fd9ffda86be9,LEWIS_273
England,E12000007,E09000023,Lewisham,LEWIS_afe15c72e860,b1bbc3e4bc6d,LEWIS_274
England,E12000007,E09000023,Lewisham,LEWIS_806d27ddd9ef,3dedb713ddcc,LEWIS_275
England,E12000007,E09000023,Lewisham,LEWIS_708d3f321874,748175b7493e,LEWIS_276
England,E12000007,E09000023,Lewisham,LEWIS_da17d157fad0,5099c67aec0d,LEWIS_277
England,E12000007,E09000023,Lewisham,LEWIS_7d1764463be0,f918a6cdaadb,LEWIS_278
England,E12000007,E09000023,Lewisham,LEWIS_80dd5d173f05,b6b90233b4af,LEWIS_279
England,E12000007,E09000023,Lewisham,LEWIS_786e55697fd6,1d39fdcbe5bc,LEWIS_280
England,E12000007,E09000023,Lewisham,LEWIS_c9538483c211,0415aa273a7f,LEWIS_281
England,E12000007,E09000023,Lewisham,LEWIS_4df25ab16992,e8e783cdc940,LEWIS_282
England,E12000007,E09000023,Lewisham,LEWIS_451aa6568cfa,5a28298fc034,LEWIS_283
England,E12000007,E09000023,Lewisham,LEWIS_0abb4dd0bc79,0625eb21aefc,LEWIS_284
England,E12000007,E09000023,Lewisham,LEWIS_e5de0117ca2f,9f49318e4add,LEWIS_285
England,E12000007,E09000023,Lewisham,LEWIS_eeb834716af2,9f244c9b29de,LEWIS_286
England,E12000007,E09000023,Lewisham,LEWIS_8f7e86729a59,cbd8d0ec5c44,LEWIS_287
England,E12000007,E09000023,Lewisham,LEWIS_5e66c4067f8c,47c80798b148,LEWIS_288
England,E12000007,E09000023,Lewisham,LEWIS_93e91f4e782b,c76de00265a3,LEWIS_289
England,E12000007,E09000023,Lewisham,LEWIS_26bf49b3215b,514089481a6d,LEWIS_290
England,E12000007,E09000023,Lewisham,LEWIS_22a4d367b3d3,5e65ef974082,LEWIS_291
England,E12000007,E09000023,Lewisham,LEWIS_45cca044f732,6d96fc4e395c,LEWIS_292
England,E12000007,E09000023,Lewisham,LEWIS_b32a1492f14d,737896f8f5f9,LEWIS_293
England,E12000007,E09000023,Lewisham,LEWIS_200d39226e7a,cc40e82513af,LEWIS_294
England,E12000007,E09000023,Lewisham,LEWIS_7e74330a2480,52dd5bbd94fe,LEWIS_295
England,E12000007,E09000023,Lewisham,LEWIS_ddd1bb39f279,b3560f42bd8c,LEWIS_296
England,E12000007,E09000023,Lewisham,LEWIS_a74cc5fa0d8d,16c2a1a5a4dc,LEWIS_297
England,E12000007,E09000023,Lewisham,LEWIS_dcb6773c9feb,f206ab240d87,LEWIS_298
England,E12000007,E09000023,Lewisham,LEWIS_e0068afde604,61daa49071a4,LEWIS_299
England,E12000007,E09000023,Lewisham,LEWIS_fa7f4bdca46a,91414e5dde97,LEWIS_300
England,E12000007,E09000023,Lewisham,LEWIS_39ed76537af3,08052e94dba4,LEWIS_301
England,E12000007,E09000023,Lewisham,LEWIS_be9becab1093,fede26e92b05,LEWIS_302
England,E12000007,E09000023,Lewisham,LEWIS_68d695c647ae,e913b82d0f4e,LEWIS_303
England,E12000007,E09000023,Lewisham,LEWIS_6bdffa69e0d2,0731ed6a1002,LEWIS_304
England,E12000007,E09000023,Lewisham,LEWIS_d4d0d6595501,3feac28f615f,LEWIS_305
England,E12000007,E09000023,Lewisham,LEWIS_3ed88bc30323,e1dba07400a2,LEWIS_306
England,E12000007,E09000023,Lewisham,LEWIS_8c37f0ad1d3c,3dd317248a08,LEWIS_307
England,E12000007,E09000023,Lewisham,LEWIS_057c041d7477,9f766bd2e9cc,LEWIS_308
England,E12000007,E09000023,Lewisham,LEWIS_26b8dcda9b6d,e1e28bec5276,LEWIS_309
England,E12000007,E09000023,Lewisham,LEWIS_51edc0b26b5d,4f78231f35ad,LEWIS_310
England,E12000007,E09000023,Lewisham,LEWIS_15a695843fc0,c057cbde2c30,LEWIS_311
England,E12000007,E09000023,Lewisham,LEWIS_1d09eb86b62d,2fcd9eea572c,LEWIS_312
England,E12000007,E09000023,Lewisham,LEWIS_3509c0da5d5b,fbcbef59cf34,LEWIS_313
England,E12000007,E09000023,Lewisham,LEWIS_50d029e468ec,1b05f76b87d2,LEWIS_314
England,E12000007,E09000023,Lewisham,LEWIS_888083b8f5c5,234bf1c098f9,LEWIS_315
England,E12000007,E09000023,Lewisham,LEWIS_dab44565a227,00e22f91e160,LEWIS_316
England,E12000007,E09000023,Lewisham,LEWIS_d5c5fb020d61,5e63900b73c5,LEWIS_317
England,E12000007,E09000023,Lewisham,LEWIS_dea448237659,4329fcc0a261,LEWIS_318
England,E12000007,E09000023,Lewisham,LEWIS_2c133504c729,8983e02bd8c2,LEWIS_319
England,E12000007,E09000023,Lewisham,LEWIS_df1973fe79ff,7670e63ecbe0,LEWIS_320
England,E12000007,E09000023,Lewisham,LEWIS_555740ff86f1,9141ab343001,LEWIS_321
England,E12000007,E09000023,Lewisham,LEWIS_f8f631dffd51,a91fe94b7a80,LEWIS_322
England,E12000007,E09000023,Lewisham,LEWIS_e8d467fb7183,8b70fa540679,LEWIS_323
England,E12000007,E09000023,Lewisham,LEWIS_72493639ead2,9827cf1a7023,LEWIS_324
England,E12000007,E09000023,Lewisham,LEWIS_529024a2ccf5,12a8ab820581,LEWIS_325
England,E12000007,E09000023,Lewisham,LEWIS_47b560b35b76,cf20f3d88ce5,LEWIS_326
England,E12000007,E09000023,Lewisham,LEWIS_2891399b1ad9,c384be220fdc,LEWIS_327
England,E12000007,E09000023,Lewisham,LEWIS_58723c0e99ca,42355ed71e82,LEWIS_328
England,E12000007,E09000023,Lewisham,LEWIS_63529a6d2c48,330a125328b0,LEWIS_329
England,E12000007,E09000023,Lewisham,LEWIS_6d09261369f3,161a12036158,LEWIS_330
England,E12000007,E09000023,Lewisham,LEWIS_58fa959683c2,3218462208fc,LEWIS_331
England,E12000007,E09000023,Lewisham,LEWIS_00869184496b,13fdf0e16b42,LEWIS_332
England,E12000007,E09000023,Lewisham,LEWIS_901816d35ecb,cb7c91b493cc,LEWIS_333
England,E12000007,E09000023,Lewisham,LEWIS_b86c33c09ebd,0ca27025db88,LEWIS_334
England,E12000007,E09000023,Lewisham,LEWIS_02ff921571d0,0acf139f833f,LEWIS_335
England,E12000007,E09000023,Lewisham,LEWIS_d64af95875bc,bb17080a5579,LEWIS_336
England,E12000007,E09000023,Lewisham,LEWIS_6e9481f6f6df,43884eb7e16b,LEWIS_337
England,E12000007,E09000023,Lewisham,LEWIS_733840603946,c8580d04b3ed,LEWIS_338
England,E12000007,E09000023,Lewisham,LEWIS_4b8a2fddfde6,7d24a1653f9f,LEWIS_339
England,E12000007,E09000023,Lewisham,LEWIS_cd3df03970dc,af0feced5457,LEWIS_340
England,E12000007,E09000023,Lewisham,LEWIS_ace165ddb73b,e23026972d61,LEWIS_341
England,E12000007,E09000023,Lewisham,LEWIS_690048d2f13e,a8c0cff18b50,LEWIS_342
England,E12000007,E09000023,Lewisham,LEWIS_d136da57281a,5b78d137fda8,LEWIS_343
England,E12000007,E09000023,Lewisham,LEWIS_35717c27b1da,ddfd5d9b2ea6,LEWIS_344
England,E12000007,E09000023,Lewisham,LEWIS_59c4b35d1915,7a5b8f2eb1f1,LEWIS_345
England,E12000007,E09000023,Lewisham,LEWIS_071bea3b9d1e,71d8179334be,LEWIS_346
England,E12000007,E09000023,Lewisham,LEWIS_3996e08a5b83,ea2c11f3d103,LEWIS_347
England,E12000007,E09000023,Lewisham,LEWIS_61e552160f03,16f77054a609,LEWIS_348
England,E12000007,E09000023,Lewisham,LEWIS_6c11f757c995,99135874f1c7,LEWIS_349
England,E12000007,E09000023,Lewisham,LEWIS_f1e13dceeb46,c57611000215,LEWIS_350
England,E12000007,E09000023,Lewisham,LEWIS_a95887e25321,33bbd1f9929f,LEWIS_351
England,E12000007,E09000023,Lewisham,LEWIS_ddbd17e567ce,d4d9627d25d2,LEWIS_352
England,E12000007,E09000023,Lewisham,LEWIS_6b869c160a42,707a97ff4dc8,LEWIS_353
England,E12000007,E09000023,Lewisham,LEWIS_7403d9463a6b,cb49a336948d,LEWIS_354
England,E12000007,E09000023,Lewisham,LEWIS_c7c643554d41,b39d1fa49f44,LEWIS_355
England,E12000007,E09000023,Lewisham,LEWIS_ae3390040dd3,849c40cf793b,LEWIS_356
England,E12000007,E09000023,Lewisham,LEWIS_dfab8a8ae144,ce0524515b4b,LEWIS_357
England,E12000007,E09000023,Lewisham,LEWIS_d69680845a10,a67de9d24ce5,LEWIS_358
England,E12000007,E09000023,Lewisham,LEWIS_57f57fc1f900,5869faeeae38,LEWIS_359
England,E12000007,E09000023,Lewisham,LEWIS_0f1a2378f57b,dce54beba4bd,LEWIS_360
England,E12000007,E09000023,Lewisham,LEWIS_01130c95f614,078405a4b03c,LEWIS_361
England,E12000007,E09000023,Lewisham,LEWIS_ee6fad6f6f60,a18738b1a9ba,LEWIS_362
England,E12000007,E09000023,Lewisham,LEWIS_df60a07e2a21,5af3f576c5f9,LEWIS_363
England,E12000007,E09000023,Lewisham,LEWIS_b60226b162f5,a6a38ddae776,LEWIS_364
England,E12000007,E09000023,Lewisham,LEWIS_d83f2426c3c0,9268daedaa74,LEWIS_365
England,E12000007,E09000023,Lewisham,LEWIS_2cb5c2d7ac1d,283346b33b04,LEWIS_366
England,E12000007,E09000023,Lewisham,LEWIS_c63ba047c8ef,ea2181d2ce84,LEWIS_367
England,E12000007,E09000023,Lewisham,LEWIS_dc77be1cf8ff,16944e1a3bb3,LEWIS_368
England,E12000007,E09000023,Lewisham,LEWIS_6a273df4a4fc,22fbae7d76d7,LEWIS_369
England,E12000007,E09000023,Lewisham,LEWIS_6b78dfc02dd3,58e8caf6a7a4,LEWIS_370
England,E12000007,E09000023,Lewisham,LEWIS_45c56ce95761,ae8d47db67fd,LEWIS_371
England,E12000007,E09000023,Lewisham,LEWIS_0c906adac4a0,80f1de6d09c4,LEWIS_372
England,E12000007,E09000023,Lewisham,LEWIS_b4aba5e1ce9a,76ecec845b2b,LEWIS_373
England,E12000007,E09000023,Lewisham,LEWIS_154c5c2b82f4,d3c6f3f9865b,LEWIS_374
England,E12000007,E09000023,Lewisham,LEWIS_2825c795d14e,f059e8b59040,LEWIS_375
England,E12000007,E09000023,Lewisham,LEWIS_7fd694d156ae,bbe30233cf88,LEWIS_376
England,E12000007,E09000023,Lewisham,LEWIS_ca31c4e599df,9e61882682ac,LEWIS_377
England,E12000007,E09000023,Lewisham,LEWIS_5b91d5cb6542,7b89d609d1cf,LEWIS_378
England,E12000007,E09000023,Lewisham,LEWIS_c04c80a55c12,399e8596fee2,LEWIS_379
England,E12000007,E09000023,Lewisham,LEWIS_fcc9c7f3e38b,0a428f4e7c96,LEWIS_380
England,E12000007,E09000023,Lewisham,LEWIS_e747f9af99fd,9b7b2b150f25,LEWIS_381
England,E12000007,E09000023,Lewisham,LEWIS_27e6dc7542cc,3c2e88cf859a,LEWIS_382
England,E12000007,E09000023,Lewisham,LEWIS_25714c5dbf49,8b84b8b38e21,LEWIS_383
England,E12000007,E09000023,Lewisham,LEWIS_f7c669e303e5,21ae7ae7086b,LEWIS_384
England,E12000007,E09000023,Lewisham,LEWIS_45c5988026c4,475e93eb3c8b,LEWIS_385
England,E12000007,E09000023,Lewisham,LEWIS_6ea1b2c639e1,51f6bd6cc1b1,LEWIS_386
England,E12000007,E09000023,Lewisham,LEWIS_6100132c5f92,ad8820f0ea0c,LEWIS_387
England,E12000007,E09000023,Lewisham,LEWIS_06a6ca08329b,993c1e5481d4,LEWIS_388
England,E12000007,E09000023,Lewisham,LEWIS_d4e9254a6725,66479313be72,LEWIS_389
England,E12000007,E09000023,Lewisham,LEWIS_bb50a0822b48,1387d2f776a6,LEWIS_390
England,E12000007,E09000023,Lewisham,LEWIS_bc9aa922d595,ce8bc4dac78b,LEWIS_391
England,E12000007,E09000023,Lewisham,LEWIS_22a47c0b3ab2,49462594464c,LEWIS_392
England,E12000007,E09000023,Lewisham,LEWIS_8ee9e4692f1d,c60445ed6e96,LEWIS_393
England,E12000007,E09000023,Lewisham,LEWIS_ed3641ffbabe,0ad65ace3d2e,LEWIS_394
England,E12000007,E09000023,Lewisham,LEWIS_d677dcaac18c,94af3501657b,LEWIS_395
England,E12000007,E09000023,Lewisham,LEWIS_b85eb4ff4a06,7f6527cd3092,LEWIS_396
England,E12000007,E09000023,Lewisham,LEWIS_39b54908bf27,eb262a77e90c,LEWIS_397
England,E12000007,E09000023,Lewisham,LEWIS_574d39db7995,9fad8e9f01f7,LEWIS_398
England,E12000007,E09000023,Lewisham,LEWIS_594516ff4096,8fea8f747541,LEWIS_399
England,E12000007,E09000023,Lewisham,LEWIS_1683e04c9e24,b3ad1e204bde,LEWIS_400
England,E12000007,E09000023,Lewisham,LEWIS_1a4a4831b34b,37a5033176fa,LEWIS_401
England,E12000007,E09000023,Lewisham,LEWIS_81744a06366b,9a3a0c9c8216,LEWIS_402
England,E12000007,E09000023,Lewisham,LEWIS_b90aa8e2fbeb,1569a5d8c187,LEWIS_403
England,E12000007,E09000023,Lewisham,LEWIS_9b079262c9a7,34c6e5b6ccde,LEWIS_404
England,E12000007,E09000023,Lewisham,LEWIS_6d70fa6c8d2a,97aabeebf9d5,LEWIS_405
England,E12000007,E09000023,Lewisham,LEWIS_010c7a51c544,b8685560ef81,LEWIS_406
England,E12000007,E09000023,Lewisham,LEWIS_076e98d8d8cd,ff1f0234c69f,LEWIS_407
England,E12000007,E09000023,Lewisham,LEWIS_c6a1db073023,8f38ed41d2a4,LEWIS_408
England,E12000007,E09000023,Lewisham,LEWIS_0f63c9ff9d2f,76b3186d4ef9,LEWIS_409
England,E12000007,E09000023,Lewisham,LEWIS_392c69260a6e,0c98c6bff76b,LEWIS_410
England,E12000007,E09000023,Lewisham,LEWIS_63a62915e48c,85a05144162f,LEWIS_411
England,E12000007,E09000023,Lewisham,LEWIS_060c3d1f4662,4fe22bf218a0,LEWIS_412
England,E12000007,E09000023,Lewisham,LEWIS_6548efff8123,28170d6fd0da,LEWIS_413
England,E12000007,E09000023,Lewisham,LEWIS_73c303ca2df8,7583e2a4f17b,LEWIS_414
England,E12000007,E09000023,Lewisham,LEWIS_5af7f9a9a805,a8c440b52cb0,LEWIS_415
England,E12000007,E09000023,Lewisham,LEWIS_a57e35165a39,f39a8e3f6999,LEWIS_416
England,E12000007,E09000023,Lewisham,LEWIS_1601c7eafaba,c20f6cb0e4f3,LEWIS_417
England,E12000007,E09000023,Lewisham,LEWIS_a25e3dbe4e56,88093bef011d,LEWIS_418
England,E12000007,E09000023,Lewisham,LEWIS_0290c81ae896,669b6f9b413b,LEWIS_419
England,E12000007,E09000023,Lewisham,LEWIS_2ea93dfd1704,d3cb482e2c50,LEWIS_420
England,E12000007,E09000023,Lewisham,LEWIS_30c45b1e815b,e9deec23febe,LEWIS_421
England,E12000007,E09000023,Lewisham,LEWIS_40b6ea4a7648,34abc1fcac4c,LEWIS_422
England,E12000007,E09000023,Lewisham,LEWIS_237f84b31626,108202d3cdcc,LEWIS_423
England,E12000007,E09000023,Lewisham,LEWIS_bbd0ab9c8fbf,9ce71ceb460f,LEWIS_424
England,E12000007,E09000023,Lewisham,LEWIS_af6a173c2da1,0a440745edb8,LEWIS_425
England,E12000007,E09000023,Lewisham,LEWIS_be5545e8febd,2b950fcca980,LEWIS_426
England,E12000007,E09000023,Lewisham,LEWIS_baa19447ee13,be05780b7307,LEWIS_427
England,E12000007,E09000023,Lewisham,LEWIS_7024a01d3204,0c298c46d535,LEWIS_428
England,E12000007,E09000023,Lewisham,LEWIS_99abcf58a60d,ac49aa42784c,LEWIS_429
England,E12000007,E09000023,Lewisham,LEWIS_ab77ecda064b,9a625a744aee,LEWIS_430
England,E12000007,E09000023,Lewisham,LEWIS_1f5ea670c504,eebdf552d328,LEWIS_431
England,E12000007,E09000023,Lewisham,LEWIS_d8aa9f9a12d7,18f1a8fc0c5b,LEWIS_432
England,E12000007,E09000023,Lewisham,LEWIS_01e36aa1bba2,86449c634251,LEWIS_433
England,E12000007,E09000023,Lewisham,LEWIS_0c109a7fda8f,ca467fcf3825,LEWIS_434
England,E12000007,E09000023,Lewisham,LEWIS_9080a359c0c4,61e92e7b6baa,LEWIS_435
England,E12000007,E09000023,Lewisham,LEWIS_61ffc3089c19,7673b46a7591,LEWIS_436
England,E12000007,E09000023,Lewisham,LEWIS_51838d949eed,bf2862a3f8f6,LEWIS_437
England,E12000007,E09000023,Lewisham,LEWIS_57f5098edc43,cce86dd9fe4e,LEWIS_438
England,E12000007,E09000023,Lewisham,LEWIS_eba3da6855db,22fac86d78d4,LEWIS_439
England,E12000007,E09000023,Lewisham,LEWIS_37bdb2b775d4,edb8392914b4,LEWIS_440
England,E12000007,E09000023,Lewisham,LEWIS_b510763e9f92,ccb56854ada8,LEWIS_441
England,E12000007,E09000023,Lewisham,LEWIS_8ce1d6361984,6f2fcd57e4a3,LEWIS_442
England,E12000007,E09000023,Lewisham,LEWIS_c752d38281cd,b703b408ed06,LEWIS_443
England,E12000007,E09000023,Lewisham,LEWIS_e67a7af9a1f2,5e2acdeab1e3,LEWIS_444
England,E12000007,E09000023,Lewisham,LEWIS_7674bf3c269e,73d4cd0bf2d4,LEWIS_445
England,E12000007,E09000023,Lewisham,LEWIS_79ae59341ccf,ad8b3f99922c,LEWIS_446
England,E12000007,E09000023,Lewisham,LEWIS_cbc659871ea2,696c08076a4e,LEWIS_447
England,E12000007,E09000023,Lewisham,LEWIS_ce29f3d55884,f84ebe8412be,LEWIS_448
England,E12000007,E09000023,Lewisham,LEWIS_891287d5edb8,83f1704bb5b7,LEWIS_449
England,E12000007,E09000023,Lewisham,LEWIS_51a7845eef66,c765e4fa9209,LEWIS_450
England,E12000007,E09000023,Lewisham,LEWIS_a3aa514cdeab,b7a68fbb6466,LEWIS_451
England,E12000007,E09000023,Lewisham,LEWIS_411315fd9c41,a033596fe00e,LEWIS_452
England,E12000007,E09000023,Lewisham,LEWIS_fb69923d6a4b,de82eb13c50d,LEWIS_453
England,E12000007,E09000023,Lewisham,LEWIS_f0dba8c4e7d6,3e69af2045df,LEWIS_454
England,E12000007,E09000023,Lewisham,LEWIS_4b90a4c58e86,487590eca650,LEWIS_455
England,E12000007,E09000023,Lewisham,LEWIS_c59e4b08b9c3,27d65a3c7d27,LEWIS_456
England,E12000007,E09000023,Lewisham,LEWIS_68dc85af0c6b,3dedc49ca61a,LEWIS_457
England,E12000007,E09000023,Lewisham,LEWIS_180e5e594d9b,1cf0ff07a63d,LEWIS_458
England,E12000007,E09000023,Lewisham,LEWIS_973990354a7d,97a93b596f19,LEWIS_459
England,E12000007,E09000023,Lewisham,LEWIS_63871fbf86d6,039e8ffffae1,LEWIS_460
England,E12000007,E09000023,Lewisham,LEWIS_3fbd4e94d51e,78dcb8da2a41,LEWIS_461
England,E12000007,E09000023,Lewisham,LEWIS_cab58a84540f,245511c1fb80,LEWIS_462
England,E12000007,E09000023,Lewisham,LEWIS_0cc31c4ee6c0,a7f173e00d97,LEWIS_463
England,E12000007,E09000023,Lewisham,LEWIS_7069c4c51d0a,be2fb4ac3f2d,LEWIS_464
England,E12000007,E09000023,Lewisham,LEWIS_37aa3632aebd,6d31b24df09b,LEWIS_465
England,E12000007,E09000023,Lewisham,LEWIS_567cc52e847b,22adc582f899,LEWIS_466
England,E12000007,E09000023,Lewisham,LEWIS_3050d0789e38,91252b1284c5,LEWIS_467
England,E12000007,E09000023,Lewisham,LEWIS_c095c523fc0e,f4e7b4ed12c6,LEWIS_468
England,E12000007,E09000023,Lewisham,LEWIS_3ffb5ed38208,86a7c44ea7bb,LEWIS_469
England,E12000007,E09000023,Lewisham,LEWIS_e26df5c7e5d6,dad3409d04ac,LEWIS_470
England,E12000007,E09000023,Lewisham,LEWIS_8ccb2e50ff3d,769dce430b34,LEWIS_471
England,E12000007,E09000023,Lewisham,LEWIS_171509aacd81,9259293c6c03,LEWIS_472
England,E12000007,E09000023,Lewisham,LEWIS_71a5c60e02f7,6ea03a607a4a,LEWIS_473
England,E12000007,E09000023,Lewisham,LEWIS_f67f3327e85b,cf4595ebf240,LEWIS_474
England,E12000007,E09000023,Lewisham,LEWIS_a5b3469a685e,0cb74423dc15,LEWIS_475
England,E12000007,E09000023,Lewisham,LEWIS_e13e21451b6b,4492711f8cf5,LEWIS_476
England,E12000007,E09000023,Lewisham,LEWIS_a0d1d373e8a4,03e93d1be2df,LEWIS_477
England,E12000007,E09000023,Lewisham,LEWIS_799950cec8d8,74b7c50aacd1,LEWIS_478
England,E12000007,E09000023,Lewisham,LEWIS_defb1ed34574,a85e8454bbf7,LEWIS_479
England,E12000007,E09000023,Lewisham,LEWIS_bea3fa3a2fa5,56d871a97575,LEWIS_480
England,E12000007,E09000023,Lewisham,LEWIS_df5e04ce11e2,19fc3852d235,LEWIS_481
England,E12000007,E09000023,Lewisham,LEWIS_f54db8b2bc52,f0151b758581,LEWIS_482
England,E12000007,E09000023,Lewisham,LEWIS_18461f564965,2c6d3f4a0261,LEWIS_483
England,E12000007,E09000023,Lewisham,LEWIS_968ff659c186,46dcac5e1a7d,LEWIS_484
England,E12000007,E09000023,Lewisham,LEWIS_47561c71f0ed,1fcf4abe7c47,LEWIS_485
England,E12000007,E09000023,Lewisham,LEWIS_41103a401e82,34a2d75b6963,LEWIS_486
England,E12000007,E09000023,Lewisham,LEWIS_3b7c77584b7b,3e9d2f6c0e92,LEWIS_487
England,E12000007,E09000023,Lewisham,LEWIS_f2cc0d53552b,e1fc7db7fe00,LEWIS_488
England,E12000007,E09000023,Lewisham,LEWIS_1ecb947411fc,170acb10fddd,LEWIS_489
England,E12000007,E09000023,Lewisham,LEWIS_60784dc878ca,b6d044b05d45,LEWIS_490
England,E12000007,E09000023,Lewisham,LEWIS_6ec6468fc492,b8dfa79f744f,LEWIS_491
England,E12000007,E09000023,Lewisham,LEWIS_c813aa9a911a,5cda3d804785,LEWIS_492
England,E12000007,E09000023,Lewisham,LEWIS_32e53a1ff647,5d10561388e0,LEWIS_493
England,E12000007,E09000023,Lewisham,LEWIS_27ce5bdea824,5ea2a1eaf000,LEWIS_494
England,E12000007,E09000023,Lewisham,LEWIS_817e28e9c72b,91848b331e58,LEWIS_495
England,E12000007,E09000023,Lewisham,LEWIS_a6b1193c3ca5,8554cd371add,LEWIS_496
England,E12000007,E09000023,Lewisham,LEWIS_48027ef8433c,8b67d52eb4f9,LEWIS_497
England,E12000007,E09000023,Lewisham,LEWIS_1ff7e57c7ca9,d865256e32c9,LEWIS_498
England,E12000007,E09000023,Lewisham,LEWIS_b88ec110a785,c0560d33a5ce,LEWIS_499
England,E12000007,E09000023,Lewisham,LEWIS_30fadfec3c8f,401f05440230,LEWIS_500
England,E12000007,E09000023,Lewisham,LEWIS_29740fcbe31e,526afb25e177,LEWIS_501
England,E12000007,E09000023,Lewisham,LEWIS_8c702fe16b87,890faa75c9a4,LEWIS_502
England,E12000007,E09000023,Lewisham,LEWIS_d3154a2675db,73764be5e3c8,LEWIS_503
England,E12000007,E09000023,Lewisham,LEWIS_a7e25c078ec7,983aa8bef390,LEWIS_504
England,E12000007,E09000023,Lewisham,LEWIS_708b37ac1a58,b199bf01af4e,LEWIS_505
England,E12000007,E09000023,Lewisham,LEWIS_4c6cb3ba7c87,d13e299063e6,LEWIS_506
England,E12000007,E09000023,Lewisham,LEWIS_7144d959f31d,7f48032697a6,LEWIS_507
England,E12000007,E09000023,Lewisham,LEWIS_baea1caa1f40,3f240fd93a0a,LEWIS_508
England,E12000007,E09000023,Lewisham,LEWIS_da8bb56fea3f,692c8463af8e,LEWIS_509
England,E12000007,E09000023,Lewisham,LEWIS_a2df3560e547,86011bd7c5cb,LEWIS_510
England,E12000007,E09000023,Lewisham,LEWIS_bf601fbba927,9b59fd958f41,LEWIS_511
England,E12000007,E09000023,Lewisham,LEWIS_0089f0bfcfd4,241450286063,LEWIS_512
England,E12000007,E09000023,Lewisham,LEWIS_da8fb7a9a5a8,ef6b92d5951e,LEWIS_513
England,E12000007,E09000023,Lewisham,LEWIS_5151d9ccbe6c,bf5548dd2afb,LEWIS_514
England,E12000007,E09000023,Lewisham,LEWIS_b6ccc6ff609c,8fe84b3efcd3,LEWIS_515
England,E12000007,E09000023,Lewisham,LEWIS_0cc68fd1a937,68cc335ace10,LEWIS_516
England,E12000007,E09000023,Lewisham,LEWIS_c5b57a6c507e,e6443f3e412d,LEWIS_517
England,E12000007,E09000023,Lewisham,LEWIS_26276301fd49,f225bdd64de6,LEWIS_518
England,E12000007,E09000023,Lewisham,LEWIS_5d9f31252e41,6e523820ce80,LEWIS_519
England,E12000007,E09000023,Lewisham,LEWIS_69e9760f7456,796f9747ec88,LEWIS_520
England,E12000007,E09000023,Lewisham,LEWIS_77d9b63ce1ca,16150578de1c,LEWIS_521
England,E12000007,E09000023,Lewisham,LEWIS_d5471109d128,914136cb9956,LEWIS_522
England,E12000007,E09000023,Lewisham,LEWIS_336e949b10d2,03f37e9af0c4,LEWIS_523
England,E12000007,E09000023,Lewisham,LEWIS_a594b300daaf,3772fcf70694,LEWIS_524
England,E12000007,E09000023,Lewisham,LEWIS_4787a72e1fd3,06dd2aab3542,LEWIS_525
England,E12000007,E09000023,Lewisham,LEWIS_7111130696d2,783476938b66,LEWIS_526
England,E12000007,E09000023,Lewisham,LEWIS_e542c3e0a2fd,b8afda09e470,LEWIS_527
England,E12000007,E09000023,Lewisham,LEWIS_fa9ceec5a0be,60d3c08cc900,LEWIS_528
England,E12000007,E09000023,Lewisham,LEWIS_ad5f449bb121,87f8decf8db0,LEWIS_529
England,E12000007,E09000023,Lewisham,LEWIS_58a27cb7aa55,d353edd035c2,LEWIS_530
England,E12000007,E09000023,Lewisham,LEWIS_15ec92a1e2e5,d3ad41f04f6d,LEWIS_531
England,E12000007,E09000023,Lewisham,LEWIS_21f12f789f85,2316b189af53,LEWIS_532
England,E12000007,E09000023,Lewisham,LEWIS_60a2c0ed63e3,874f3f3afc42,LEWIS_533
England,E12000007,E09000023,Lewisham,LEWIS_b9393acf511b,fdbfbae01988,LEWIS_534
England,E12000007,E09000023,Lewisham,LEWIS_051ef96f2b39,8c22224874e9,LEWIS_535
England,E12000007,E09000023,Lewisham,LEWIS_c1669a89a509,516751c858a9,LEWIS_536
England,E12000007,E09000023,Lewisham,LEWIS_78781cdbb162,a4c1c2c30a6a,LEWIS_537
England,E12000007,E09000023,Lewisham,LEWIS_04e9ae4d1e24,c7f44acbace2,LEWIS_538
England,E12000007,E09000023,Lewisham,LEWIS_1c3a3fedf2d4,212e91641761,LEWIS_539
England,E12000007,E09000023,Lewisham,LEWIS_220c45aae547,bb3a4d444f2d,LEWIS_540
England,E12000007,E09000023,Lewisham,LEWIS_c8a5cb2600c9,adcb15785be7,LEWIS_541
England,E12000007,E09000023,Lewisham,LEWIS_ab597406a11e,e44f50bcd2ca,LEWIS_542
England,E12000007,E09000023,Lewisham,LEWIS_7a5b0c69d804,a17485df002a,LEWIS_543
England,E12000007,E09000023,Lewisham,LEWIS_ee96e53dce59,80975d70807f,LEWIS_544
England,E12000007,E09000023,Lewisham,LEWIS_fa1563b046ac,61ced6115df6,LEWIS_545
England,E12000007,E09000023,Lewisham,LEWIS_27a5994b7dd4,8891774e2a01,LEWIS_546
England,E12000007,E09000023,Lewisham,LEWIS_29d67a1b38eb,cea42fc479a1,LEWIS_547
England,E12000007,E09000023,Lewisham,LEWIS_d8857d1981b2,0b05397b0073,LEWIS_548
England,E12000007,E09000023,Lewisham,LEWIS_812f1c7a0f2c,699ab399d179,LEWIS_549
England,E12000007,E09000023,Lewisham,LEWIS_68974db6de88,773170cee1b5,LEWIS_550
England,E12000007,E09000023,Lewisham,LEWIS_f66f1649aa61,60e27be7e8ed,LEWIS_551
England,E12000007,E09000023,Lewisham,LEWIS_b2459634f9d1,e59d9eeb6b88,LEWIS_552
England,E12000007,E09000023,Lewisham,LEWIS_9b59861895e3,50fbce2a5265,LEWIS_553
England,E12000007,E09000023,Lewisham,LEWIS_880fcad8a7b8,0b8329761a8e,LEWIS_554
England,E12000007,E09000023,Lewisham,LEWIS_e5749504d49e,36ba6efb40d1,LEWIS_555
England,E12000007,E09000023,Lewisham,LEWIS_57a515c66a61,bceec15e906b,LEWIS_556
England,E12000007,E09000023,Lewisham,LEWIS_b5ee8a669e55,2a4da86c9070,LEWIS_557
England,E12000007,E09000023,Lewisham,LEWIS_00ae2cb05f59,ac5aac7df131,LEWIS_558
England,E12000007,E09000023,Lewisham,LEWIS_45cc2d5a87f7,7e91c45f2f10,LEWIS_559
England,E12000007,E09000023,Lewisham,LEWIS_6e3c470a10ae,a9aa04d27515,LEWIS_560
England,E12000007,E09000023,Lewisham,LEWIS_c7bb9d0b3d60,4913dd5fe76c,LEWIS_561
England,E12000007,E09000023,Lewisham,LEWIS_26ab00b74963,642305852cbf,LEWIS_562
England,E12000007,E09000023,Lewisham,LEWIS_029183536ade,e4cf5b781627,LEWIS_563
England,E12000007,E09000023,Lewisham,LEWIS_7935fed2a3bb,9d7513bcec30,LEWIS_564
England,E12000007,E09000023,Lewisham,LEWIS_ee7fb325fd14,a9d6d697f6d3,LEWIS_565
England,E12000007,E09000023,Lewisham,LEWIS_5effbb153d67,bdf279205ed1,LEWIS_566
England,E12000007,E09000023,Lewisham,LEWIS_6c07f3f502ec,32095c01b90a,LEWIS_567
England,E12000007,E09000023,Lewisham,LEWIS_b7bda1e00a87,c50268bd82d8,LEWIS_568
England,E12000007,E09000023,Lewisham,LEWIS_0bb9e052a47b,cec6706fc1d6,LEWIS_569
England,E12000007,E09000023,Lewisham,LEWIS_3bed78ccb920,03b3cc906a98,LEWIS_570
England,E12000007,E09000023,Lewisham,LEWIS_f18868b082a0,2bee36e33ed6,LEWIS_571
England,E12000007,E09000023,Lewisham,LEWIS_edde1115c853,6b4cf545e67e,LEWIS_572
England,E12000007,E09000023,Lewisham,LEWIS_100f7b5d06eb,b0fec8640438,LEWIS_573
England,E12000007,E09000023,Lewisham,LEWIS_a1f44b8cade3,f6023b4e1365,LEWIS_574
England,E12000007,E09000023,Lewisham,LEWIS_6eaf7c306bdc,a9cc3ff1ca9f,LEWIS_575
England,E12000007,E09000023,Lewisham,LEWIS_5905e04da0ab,40599f6b7ee4,LEWIS_576
England,E12000007,E09000023,Lewisham,LEWIS_19bf60a45a0a,46b51555b52e,LEWIS_577
England,E12000007,E09000023,Lewisham,LEWIS_0758fc29050c,ffd9a4c70933,LEWIS_578
England,E12000007,E09000023,Lewisham,LEWIS_0dff9be75a30,2872213882d2,LEWIS_579
England,E12000007,E09000023,Lewisham,LEWIS_f5ac78ce6d2e,d963b92cec21,LEWIS_580
England,E12000007,E09000023,Lewisham,LEWIS_a97d4bdd3eea,5d1a44e08a43,LEWIS_581
England,E12000007,E09000023,Lewisham,LEWIS_d38975d23ef9,655033d7b29c,LEWIS_582
England,E12000007,E09000023,Lewisham,LEWIS_1a90e92339a7,a7cf274ac046,LEWIS_583
England,E12000007,E09000023,Lewisham,LEWIS_d0bd51c38c81,d8010fca5aa1,LEWIS_584
England,E12000007,E09000023,Lewisham,LEWIS_7ccbb344c5ef,d22afac563f2,LEWIS_585
England,E12000007,E09000023,Lewisham,LEWIS_7e4ef620bcbe,bcd0ab113dd8,LEWIS_586
England,E12000007,E09000023,Lewisham,LEWIS_37d6a1579baa,4eca4cf2c916,LEWIS_587
England,E12000007,E09000023,Lewisham,LEWIS_71b57dacdaae,38f46fbf11d9,LEWIS_588
England,E12000007,E09000023,Lewisham,LEWIS_868020b15391,da5285659ff2,LEWIS_589
England,E12000007,E09000023,Lewisham,LEWIS_19b8745e3b40,198d61daca08,LEWIS_590
England,E12000007,E09000023,Lewisham,LEWIS_4e2c3256847d,d1701d124ec0,LEWIS_591
England,E12000007,E09000023,Lewisham,LEWIS_eb94c4a82341,eec6203056b5,LEWIS_592
England,E12000007,E09000023,Lewisham,LEWIS_7e7a3676e5f4,67eac3a87a92,LEWIS_593
England,E12000007,E09000023,Lewisham,LEWIS_951454cadce9,c08fdce77946,LEWIS_594
England,E12000007,E09000023,Lewisham,LEWIS_5bd7a61632c5,9f063ced9073,LEWIS_595
England,E12000007,E09000023,Lewisham,LEWIS_8cfe73137f94,a6c14c5609b1,LEWIS_596
England,E12000007,E09000023,Lewisham,LEWIS_6606217feb1c,d0052d23f608,LEWIS_597
England,E12000007,E09000023,Lewisham,LEWIS_3fc776a91705,22be019da623,LEWIS_598
England,E12000007,E09000023,Lewisham,LEWIS_2620b6a41592,a99c34b168c4,LEWIS_599
England,E12000007,E09000023,Lewisham,LEWIS_16215c7e1c34,636a17bee4f8,LEWIS_600
England,E12000007,E09000023,Lewisham,LEWIS_d866a41757ef,ba0296f2ef8c,LEWIS_601
England,E12000007,E09000023,Lewisham,LEWIS_7f3228b6c7da,bd8221dd64ff,LEWIS_602
England,E12000007,E09000023,Lewisham,LEWIS_056785ca146c,dfd92714bd5c,LEWIS_603
England,E12000007,E09000023,Lewisham,LEWIS_912cb9960a80,986cfa127b52,LEWIS_604
England,E12000007,E09000023,Lewisham,LEWIS_78c6b234ea81,667c38834cfc,LEWIS_605
England,E12000007,E09000023,Lewisham,LEWIS_21d6cb413e2f,f9bdb5df8a58,LEWIS_606
England,E12000007,E09000023,Lewisham,LEWIS_524dcd888d2c,704ab425a27b,LEWIS_607
England,E12000007,E09000023,Lewisham,LEWIS_e0ec71299961,29f016ea7131,LEWIS_608
England,E12000007,E09000023,Lewisham,LEWIS_87d59dc6406a,c5a8a0c6590f,LEWIS_609
England,E12000007,E09000023,Lewisham,LEWIS_5df62d221a01,215ea9d6fd19,LEWIS_610
England,E12000007,E09000023,Lewisham,LEWIS_ef1312e22234,999f90399c69,LEWIS_611
England,E12000007,E09000023,Lewisham,LEWIS_73dea53346f0,e8371194cfbe,LEWIS_612
England,E12000007,E09000023,Lewisham,LEWIS_b304bcf4b5ad,6664eb4074d4,LEWIS_613
England,E12000007,E09000023,Lewisham,LEWIS_ba737eb20332,16953412d6dc,LEWIS_614
England,E12000007,E09000023,Lewisham,LEWIS_f3dd26b84aab,aedd3932193e,LEWIS_615
England,E12000007,E09000023,Lewisham,LEWIS_423d7f59a787,404fe374633f,LEWIS_616
England,E12000007,E09000023,Lewisham,LEWIS_d51047745e7f,fd5d2c07e243,LEWIS_617
England,E12000007,E09000023,Lewisham,LEWIS_7f1c759775e9,ed9c7f71607e,LEWIS_618
England,E12000007,E09000023,Lewisham,LEWIS_ce2aa633bdd9,fdbe26cfd0ed,LEWIS_619
England,E12000007,E09000023,Lewisham,LEWIS_56de8a038b17,acaff80e6653,LEWIS_620
England,E12000007,E09000023,Lewisham,LEWIS_aafc5d31e010,22a39e29a5b4,LEWIS_621
England,E12000007,E09000023,Lewisham,LEWIS_2684ff9e6327,de7024694fd5,LEWIS_622
England,E12000007,E09000023,Lewisham,LEWIS_e7bd7c3e69c0,e8c3f7f4baa1,LEWIS_623
England,E12000007,E09000023,Lewisham,LEWIS_89c3a461ec78,0de53d9e779d,LEWIS_624
England,E12000007,E09000023,Lewisham,LEWIS_be0988ff65e4,e381525eea73,LEWIS_625
England,E12000007,E09000023,Lewisham,LEWIS_01e9504d57af,34f7b938ca6a,LEWIS_626
England,E12000007,E09000023,Lewisham,LEWIS_b595d0293ee5,623f052f3fcd,LEWIS_627
England,E12000007,E09000023,Lewisham,LEWIS_43f7c92a5d56,929b70df721c,LEWIS_628
England,E12000007,E09000023,Lewisham,LEWIS_3cc25262f724,c3f9963b3c17,LEWIS_629
England,E12000007,E09000023,Lewisham,LEWIS_5046e7619cb4,0f6a77f0de8a,LEWIS_630
England,E12000007,E09000023,Lewisham,LEWIS_ba19dd838c19,781fda1d3dcf,LEWIS_631
England,E12000007,E09000023,Lewisham,LEWIS_478f20f1c4ad,538026c3c57b,LEWIS_632
England,E12000007,E09000023,Lewisham,LEWIS_65066634185a,c6f66d1816e2,LEWIS_633
England,E12000007,E09000023,Lewisham,LEWIS_d64d8670d77d,6498ee722500,LEWIS_634
England,E12000007,E09000023,Lewisham,LEWIS_707e564d15e3,ba2e7ec4205d,LEWIS_635
England,E12000007,E09000023,Lewisham,LEWIS_82397fcc4d23,cc00f2cc71fa,LEWIS_636
England,E12000007,E09000023,Lewisham,LEWIS_db60676b87bc,19c30116e357,LEWIS_637
England,E12000007,E09000023,Lewisham,LEWIS_f5bdf3b11b6a,ce4bb81d0c71,LEWIS_638
England,E12000007,E09000023,Lewisham,LEWIS_8d357d2f077d,b0504a41be39,LEWIS_639
England,E12000007,E09000023,Lewisham,LEWIS_4ab603da1775,bd123607503d,LEWIS_640
England,E12000007,E09000023,Lewisham,LEWIS_c6087be3ab8f,8f235f9f0a4b,LEWIS_641
England,E12000007,E09000023,Lewisham,LEWIS_6e551cc12741,5f388d25c06e,LEWIS_642
England,E12000007,E09000023,Lewisham,LEWIS_fe5b2e2b40b9,bf79b2a3c9a6,LEWIS_643
England,E12000007,E09000023,Lewisham,LEWIS_b3c76b965a95,0b2acaf10654,LEWIS_644
England,E12000007,E09000023,Lewisham,LEWIS_6f0407a84533,8e0214dbffe4,LEWIS_645
England,E12000007,E09000023,Lewisham,LEWIS_b290a15234a2,2c1f23612c98,LEWIS_646
England,E12000007,E09000023,Lewisham,LEWIS_87c211d219c7,61054ba422e9,LEWIS_647
England,E12000007,E09000023,Lewisham,LEWIS_40c3f76b5936,8c2ff3872ddb,LEWIS_648
England,E12000007,E09000023,Lewisham,LEWIS_fc1babcb7feb,a6d7962d0890,LEWIS_649
England,E12000007,E09000023,Lewisham,LEWIS_1e7f1ad07488,875d1cc0269a,LEWIS_650
England,E12000007,E09000023,Lewisham,LEWIS_8dfd5dc89c5f,da3230d14477,LEWIS_651
England,E12000007,E09000023,Lewisham,LEWIS_d71db61cbb0a,887f75578f8d,LEWIS_652
England,E12000007,E09000023,Lewisham,LEWIS_e8dbd0937b89,63112b6f3ea8,LEWIS_653
England,E12000007,E09000023,Lewisham,LEWIS_57e46401d4af,17280e26a247,LEWIS_654
England,E12000007,E09000023,Lewisham,LEWIS_52faa1b008a2,93e4b995c490,LEWIS_655
England,E12000007,E09000023,Lewisham,LEWIS_b795039b889e,6ae1add54a93,LEWIS_656
England,E12000007,E09000023,Lewisham,LEWIS_ea72db1f366a,e4ff61ac47e8,LEWIS_657
England,E12000007,E09000023,Lewisham,LEWIS_24424c6e3392,e1d1716ca648,LEWIS_658
England,E12000007,E09000023,Lewisham,LEWIS_144e908faaa1,212cde4da78a,LEWIS_659
England,E12000007,E09000023,Lewisham,LEWIS_90194d9f20f2,8dbc023d031d,LEWIS_660
England,E12000007,E09000023,Lewisham,LEWIS_b2b255aa3f21,00b8f4b24567,LEWIS_661
England,E12000007,E09000023,Lewisham,LEWIS_ee1f6fe7eaee,e758660cb4b2,LEWIS_662
England,E12000007,E09000023,Lewisham,LEWIS_661f10879bfa,ea424c032774,LEWIS_663
England,E12000007,E09000023,Lewisham,LEWIS_cfa605782c80,811d55515173,LEWIS_664
England,E12000007,E09000023,Lewisham,LEWIS_69053d4946ce,c8132e35d54b,LEWIS_665
England,E12000007,E09000023,Lewisham,LEWIS_6a9c702b1855;LEWIS_90fa1b9d4dbe,35e69bda0b90,LEWIS_666
England,E12000007,E09000023,Lewisham,LEWIS_2b8e3fc2deb7,94914a16c10d,LEWIS_667
England,E12000007,E09000023,Lewisham,LEWIS_7e8143ac3803,1e01dcee19e9,LEWIS_668
England,E12000007,E09000023,Lewisham,LEWIS_de9c54965a6a,aad9c8c36afb,LEWIS_669
England,E12000007,E09000023,Lewisham,LEWIS_5b35806cb2d7,c7f45f6cc3e3,LEWIS_670
England,E12000007,E09000023,Lewisham,LEWIS_73ddb8081daa,2658ea1be0b4,LEWIS_671
England,E12000007,E09000023,Lewisham,LEWIS_d90f164fa49f,0e0400ed53f5,LEWIS_672
England,E12000007,E09000023,Lewisham,LEWIS_092c7f54b215,53c6b5c49fba,LEWIS_673
England,E12000007,E09000023,Lewisham,LEWIS_905d3ebe1cd8,b0d450523c5f,LEWIS_674
England,E12000007,E09000023,Lewisham,LEWIS_0937a13edec8,4c0c85ae2e2d,LEWIS_675
England,E12000007,E09000023,Lewisham,LEWIS_3ccc4ad9c920,e23b7d177168,LEWIS_676
England,E12000007,E09000023,Lewisham,LEWIS_ec4665f245a6,167500b89a29,LEWIS_677
England,E12000007,E09000023,Lewisham,LEWIS_954fe90d8346,b10bd88b63aa,LEWIS_678
England,E12000007,E09000023,Lewisham,LEWIS_d98226e7863c,b7629838fed3,LEWIS_679
England,E12000007,E09000023,Lewisham,LEWIS_f55c1ef35bd5,ad87b591fc69,LEWIS_680
England,E12000007,E09000023,Lewisham,LEWIS_995c2d78b118,0741c1b98001,LEWIS_681
England,E12000007,E09000023,Lewisham,LEWIS_a74e8d9b3ef7,ab093db9b524,LEWIS_682
England,E12000007,E09000023,Lewisham,LEWIS_dd60d85b7069,e545da98b13a,LEWIS_683
England,E12000007,E09000023,Lewisham,LEWIS_1dbf6e6e947c,0c39bd785a18,LEWIS_684
England,E12000007,E09000023,Lewisham,LEWIS_a824cdee2988,ed0c447aeb83,LEWIS_685
England,E12000007,E09000023,Lewisham,LEWIS_b134f54e42d2,bb7de7b9ba43,LEWIS_686
England,E12000007,E09000023,Lewisham,LEWIS_f80b910aa8bb,b19879571951,LEWIS_687
England,E12000007,E09000023,Lewisham,LEWIS_651c86f104c0,e1a29bac142d,LEWIS_688
England,E12000007,E09000023,Lewisham,LEWIS_eb6cf9e1ed2e,3f50ddde1ed5,LEWIS_689
England,E12000007,E09000023,Lewisham,LEWIS_fe7e5dbf7d62,e32692ceab4d,LEWIS_690
England,E12000007,E09000023,Lewisham,LEWIS_ab95e23506d8,58255ba7c364,LEWIS_691
England,E12000007,E09000023,Lewisham,LEWIS_bcd7883fba49,a7e23505f5b6,LEWIS_692
England,E12000007,E09000023,Lewisham,LEWIS_30320a2c5bde,d4224414e9f9,LEWIS_693
England,E12000007,E09000023,Lewisham,LEWIS_c39b008c7a67,221faf3f3475,LEWIS_694
England,E12000007,E09000023,Lewisham,LEWIS_d75d6846a985,da98b166e80b,LEWIS_695
England,E12000007,E09000023,Lewisham,LEWIS_55f3bad280fe,b550ce46599f,LEWIS_696
England,E12000007,E09000023,Lewisham,LEWIS_ea3ddb7623ac,ec9a176f0e94,LEWIS_697
England,E12000007,E09000023,Lewisham,LEWIS_db9636e69d96,dc8e93fa4cc8,LEWIS_698
England,E12000007,E09000023,Lewisham,LEWIS_3f520e49c3a8,6398cf472a81,LEWIS_699
England,E12000007,E09000023,Lewisham,LEWIS_4e33ef539b3c,20b6d769c2f6,LEWIS_700
England,E12000007,E09000023,Lewisham,LEWIS_1b4e7b8d0e11,e35d1862386c,LEWIS_701
England,E12000007,E09000023,Lewisham,LEWIS_b9dc334b55fb,16a02086d47a,LEWIS_702
England,E12000007,E09000023,Lewisham,LEWIS_f971fae9a178,a06ff2c58d47,LEWIS_703
England,E12000007,E09000023,Lewisham,LEWIS_035d810d59fd,e96473fa670b,LEWIS_704
England,E12000007,E09000023,Lewisham,LEWIS_c5dbf2028820,ca8a6ab86bed,LEWIS_705
England,E12000007,E09000023,Lewisham,LEWIS_ad575826923b,ad608ae17139,LEWIS_706
England,E12000007,E09000023,Lewisham,LEWIS_a7d0828698e7,e4205b64af20,LEWIS_707
England,E12000007,E09000023,Lewisham,LEWIS_59bd0846bc26,ab9424c23aff,LEWIS_708
England,E12000007,E09000023,Lewisham,LEWIS_5a9e87c7c7cf,6207f597f5b6,LEWIS_709
England,E12000007,E09000023,Lewisham,LEWIS_ebdc987f3ee0,8be48d0f0e92,LEWIS_710
England,E12000007,E09000023,Lewisham,LEWIS_6afb3f1ef7ea,6d01a087d476,LEWIS_711
England,E12000007,E09000023,Lewisham,LEWIS_50f385b84f4d,9a644073879b,LEWIS_712
England,E12000007,E09000023,Lewisham,LEWIS_3ae85e29c438,3b80619faee3,LEWIS_713
England,E12000007,E09000023,Lewisham,LEWIS_6a538eb63e88,db5971ed28a9,LEWIS_714
England,E12000007,E09000023,Lewisham,LEWIS_ced5fccf96a6,d2dc489714da,LEWIS_715
England,E12000007,E09000023,Lewisham,LEWIS_555b5b697f6f,d56917b1ca67,LEWIS_716
England,E12000007,E09000023,Lewisham,LEWIS_70412dde2554,20dcf2dba1a7,LEWIS_717
England,E12000007,E09000023,Lewisham,LEWIS_d927c3287a51,c0542415f764,LEWIS_718
England,E12000007,E09000023,Lewisham,LEWIS_e6b0a75695c4,904e7ca15e91,LEWIS_719
England,E12000007,E09000023,Lewisham,LEWIS_2c64083d25d5,45a8c910df3e,LEWIS_720
England,E12000007,E09000023,Lewisham,LEWIS_afecc92407cf,5f4a5d67736d,LEWIS_721
England,E12000007,E09000023,Lewisham,LEWIS_ae5ccdc4d5a9,92b4ad7d5ec1,LEWIS_722
England,E12000007,E09000023,Lewisham,LEWIS_0e17daa3369a,58f52e1b7658,LEWIS_723
England,E12000007,E09000023,Lewisham,LEWIS_913c45547eac,8f1ef7496abb,LEWIS_724
England,E12000007,E09000023,Lewisham,LEWIS_c5eec9f07014,541f9437f512,LEWIS_725
England,E12000007,E09000023,Lewisham,LEWIS_022656b01644,fb1250ffb3de,LEWIS_726
England,E12000007,E09000023,Lewisham,LEWIS_412be29f83ac,8ddb02ea713f,LEWIS_727
England,E12000007,E09000023,Lewisham,LEWIS_9e198d4e1b5d,495cf3fb4727,LEWIS_728
England,E12000007,E09000023,Lewisham,LEWIS_69ec52b56eca,011e23a337e3,LEWIS_729
England,E12000007,E09000023,Lewisham,LEWIS_5435405e79d4,49c40a0f5578,LEWIS_730
England,E12000007,E09000023,Lewisham,LEWIS_f82c7885af4c,cdabeba10644,LEWIS_731
England,E12000007,E09000023,Lewisham,LEWIS_d05d0e2eef9f,394cde848142,LEWIS_732
England,E12000007,E09000023,Lewisham,LEWIS_e2c830395556,ffe71ef6b549,LEWIS_733
England,E12000007,E09000023,Lewisham,LEWIS_8f55275ce38f,b186010f482e,LEWIS_734
England,E12000007,E09000023,Lewisham,LEWIS_72a06499de4e,b0a51014e6e6,LEWIS_735
England,E12000007,E09000023,Lewisham,LEWIS_38d8354f6572,2b12530521ac,LEWIS_736
England,E12000007,E09000023,Lewisham,LEWIS_0812ac85e4d8,ac469626a281,LEWIS_737
England,E12000007,E09000023,Lewisham,LEWIS_55da97591379,7c8dad2adbbd,LEWIS_738
England,E12000007,E09000023,Lewisham,LEWIS_8a85621a9b60,240f4f8ce061,LEWIS_739
England,E12000007,E09000023,Lewisham,LEWIS_5d0fdfc6a6f8,2ed0215524f2,LEWIS_740
England,E12000007,E09000023,Lewisham,LEWIS_3fa79d821062,8a506b49811a,LEWIS_741
England,E12000007,E09000023,Lewisham,LEWIS_ff47e6747faf,9e15b7048e78,LEWIS_742
England,E12000007,E09000023,Lewisham,LEWIS_3e6495f155ea,6e9ff44d508f,LEWIS_743
England,E12000007,E09000023,Lewisham,LEWIS_a62c78681ed8,19fc374ae9a7,LEWIS_744
England,E12000007,E09000023,Lewisham,LEWIS_90fda3112f9c,b9c2022475f6,LEWIS_745
England,E12000007,E09000023,Lewisham,LEWIS_f1f41c6d21c0,ea0ade4c7248,LEWIS_746
England,E12000007,E09000023,Lewisham,LEWIS_e1c8eafca7a0,2a5ab7c27519,LEWIS_747
England,E12000007,E09000023,Lewisham,LEWIS_73c2c7055899,a5c876157d49,LEWIS_748
England,E12000007,E09000023,Lewisham,LEWIS_8015ebf5e481,64711b3cd88e,LEWIS_749
England,E12000007,E09000023,Lewisham,LEWIS_bf7246b3a90f,5d61cb64bdac,LEWIS_750
England,E12000007,E09000023,Lewisham,LEWIS_75f248ff68c1,92ac9decd4fd,LEWIS_751
England,E12000007,E09000023,Lewisham,LEWIS_846c4ce47317,cd863c033aeb,LEWIS_752
England,E12000007,E09000023,Lewisham,LEWIS_9886ef62f30f,8d1b67cdf00a,LEWIS_753
England,E12000007,E09000023,Lewisham,LEWIS_224308c4ea91,a531b9e52b57,LEWIS_754
England,E12000007,E09000023,Lewisham,LEWIS_2419b08aae47,77d03f4097d6,LEWIS_755
England,E12000007,E09000023,Lewisham,LEWIS_65093db556fe,57d1b42ced10,LEWIS_756
England,E12000007,E09000023,Lewisham,LEWIS_77b7a0f7fc06,a77e8f027c5d,LEWIS_757
England,E12000007,E09000023,Lewisham,LEWIS_2bba721bd1e1,9dfc94ff27b5,LEWIS_758
England,E12000007,E09000023,Lewisham,LEWIS_044138c731ff,73e9a9b6f877,LEWIS_759
England,E12000007,E09000023,Lewisham,LEWIS_fea01a6e74a6,34dca8016b0c,LEWIS_760
England,E12000007,E09000023,Lewisham,LEWIS_fd5a116d6ece,026e9b56b1f6,LEWIS_761
England,E12000007,E09000023,Lewisham,LEWIS_7e2087297d0e,c723b55cc398,LEWIS_762
England,E12000007,E09000023,Lewisham,LEWIS_9578dbc8d9e5,ae974af32168,LEWIS_763
England,E12000007,E09000023,Lewisham,LEWIS_71dfb66f41b9,6581382c23fa,LEWIS_764
England,E12000007,E09000023,Lewisham,LEWIS_3edab64a575d,6737907c2f05,LEWIS_765
England,E12000007,E09000023,Lewisham,LEWIS_4c8e56d18828,2be4e0742198,LEWIS_766
England,E12000007,E09000023,Lewisham,LEWIS_30ed865255d9,a09728601433,LEWIS_767
England,E12000007,E09000023,Lewisham,LEWIS_2a0bd65cac83,4d8fa3ed8a08,LEWIS_768
England,E12000007,E09000023,Lewisham,LEWIS_e78e87de1d2a,f03ec3c9a36b,LEWIS_769
England,E12000007,E09000023,Lewisham,LEWIS_aeb3cb3b1478,ec9737b3bf7d,LEWIS_770
England,E12000007,E09000023,Lewisham,LEWIS_5a47ce65c1b1,b4d1226e75b0,LEWIS_771
England,E12000007,E09000023,Lewisham,LEWIS_370808388525,64165f9d76e9,LEWIS_772
England,E12000007,E09000023,Lewisham,LEWIS_a2aa123cb844,3187f02b1a16,LEWIS_773
England,E12000007,E09000023,Lewisham,LEWIS_e6a9a2544f3c,bd6963035339,LEWIS_774
England,E12000007,E09000023,Lewisham,LEWIS_fe7b03824f3d,c00a59f33eb2,LEWIS_775
England,E12000007,E09000023,Lewisham,LEWIS_f5de6ee81a57,d888a5172d0b,LEWIS_776
England,E12000007,E09000023,Lewisham,LEWIS_ef61fe513b5d,cb32963e08fb,LEWIS_777
England,E12000007,E09000023,Lewisham,LEWIS_f087dac21e94,961af204f379,LEWIS_778
England,E12000007,E09000023,Lewisham,LEWIS_c86efd125242,e681992590ae,LEWIS_779
England,E12000007,E09000023,Lewisham,LEWIS_4418ab4a52e9,7537384f01bb,LEWIS_780
England,E12000007,E09000023,Lewisham,LEWIS_9f033b427317,aa3d3b7d7c23,LEWIS_781
England,E12000007,E09000023,Lewisham,LEWIS_bdc4d0a0adb7,65a05f9918c5,LEWIS_782
England,E12000007,E09000023,Lewisham,LEWIS_f943e6d0dcc4,5912d029e097,LEWIS_783
England,E12000007,E09000023,Lewisham,LEWIS_4b70443ceed3,e8eba4d6f9b7,LEWIS_784
England,E12000007,E09000023,Lewisham,LEWIS_a16d5f8c7077,0d986a53762b,LEWIS_785
England,E12000007,E09000023,Lewisham,LEWIS_378486a34bba,2e2309e4dd0d,LEWIS_786
England,E12000007,E09000023,Lewisham,LEWIS_ea4424dc8052,fe3e08467fd6,LEWIS_787
England,E12000007,E09000023,Lewisham,LEWIS_84278b5f6234,40c0afa428df,LEWIS_788
England,E12000007,E09000023,Lewisham,LEWIS_d2e24658186b,ad4f96c48618,LEWIS_789
England,E12000007,E09000023,Lewisham,LEWIS_6ecb7e55fc8a,933cf3b9ce29,LEWIS_790
England,E12000007,E09000023,Lewisham,LEWIS_c646604eae8d,56df36d2ccff,LEWIS_791
England,E12000007,E09000023,Lewisham,LEWIS_e32023986867,ea0d1aa050c8,LEWIS_792
England,E12000007,E09000023,Lewisham,LEWIS_17cc88d31ca0,3d4d55a5e688,LEWIS_793
England,E12000007,E09000023,Lewisham,LEWIS_1f8fea050f16,cdadd4cb85c3,LEWIS_794
England,E12000007,E09000023,Lewisham,LEWIS_123ce50d2776,c2fab23e57db,LEWIS_795
England,E12000007,E09000023,Lewisham,LEWIS_5ce083cbc7c6,26c53f46090a,LEWIS_796
England,E12000007,E09000023,Lewisham,LEWIS_845509d29e2e,224326fb264c,LEWIS_797
England,E12000007,E09000023,Lewisham,LEWIS_df583e097dd7,fa286237ad2d,LEWIS_798
England,E12000007,E09000023,Lewisham,LEWIS_041066f53a81,b04599b00c35,LEWIS_799
England,E12000007,E09000023,Lewisham,LEWIS_3ea632596179,cda3adf88847,LEWIS_800
England,E12000007,E09000023,Lewisham,LEWIS_fa9eed1291ae,2b6972765dd9,LEWIS_801
England,E12000007,E09000023,Lewisham,LEWIS_ee93425ff372,369229ba740f,LEWIS_802
England,E12000007,E09000023,Lewisham,LEWIS_c6a7403aedc6,3db3fcc20053,LEWIS_803
England,E12000007,E09000023,Lewisham,LEWIS_37ef483cff8f,f3d408eb08f9,LEWIS_804
England,E12000007,E09000023,Lewisham,LEWIS_112082eac02c,a36ce38c3b20,LEWIS_805
England,E12000007,E09000023,Lewisham,LEWIS_7d545f035844,e8610d52fdde,LEWIS_806
England,E12000007,E09000023,Lewisham,LEWIS_9b15aa7679b5,1d041fca628d,LEWIS_807
England,E12000007,E09000023,Lewisham,LEWIS_f9391ff389f7,3d9066e355d6,LEWIS_808
England,E12000007,E09000023,Lewisham,LEWIS_3b773716a478,fdfa2814eea6,LEWIS_809
England,E12000007,E09000023,Lewisham,LEWIS_d48653994946,ee5158214361,LEWIS_810
England,E12000007,E09000023,Lewisham,LEWIS_07ff27254fd6,9c1ebc42955e,LEWIS_811
England,E12000007,E09000023,Lewisham,LEWIS_b2fa24ef68e8,52ecdc02d3ea,LEWIS_812
England,E12000007,E09000023,Lewisham,LEWIS_4ddc13f61eb9,27ed23912b1a,LEWIS_813
England,E12000007,E09000023,Lewisham,LEWIS_e942f77fdb7a,606b4c632390,LEWIS_814
England,E12000007,E09000023,Lewisham,LEWIS_3f09d1b120f8,f596fce89176,LEWIS_815
England,E12000007,E09000023,Lewisham,LEWIS_0bb409530fb0,e3d59c45ef9f,LEWIS_816
England,E12000007,E09000023,Lewisham,LEWIS_15a7a2946d7c,5542ac2e87a2,LEWIS_817
England,E12000007,E09000023,Lewisham,LEWIS_647af16e69fa,ca0e9ed80932,LEWIS_818
England,E12000007,E09000023,Lewisham,LEWIS_e3ac70898309,932c17329153,LEWIS_819
England,E12000007,E09000023,Lewisham,LEWIS_d970d01785d1,0d852c32476f,LEWIS_820
England,E12000007,E09000023,Lewisham,LEWIS_ed580a60d925,2015abdb346c,LEWIS_821
England,E12000007,E09000023,Lewisham,LEWIS_6646a71de4d5,03719ce3858c,LEWIS_822
England,E12000007,E09000023,Lewisham,LEWIS_8a4c24579793,93fd1ae76eae,LEWIS_823
England,E12000007,E09000023,Lewisham,LEWIS_4977bf04203f,69e1df3af834,LEWIS_824
England,E12000007,E09000023,Lewisham,LEWIS_1fd265d166c5,3c43e0b81ac0,LEWIS_825
England,E12000007,E09000023,Lewisham,LEWIS_2e8355253449,528626e8a8db,LEWIS_826
England,E12000007,E09000023,Lewisham,LEWIS_c6780f743175,29ab9ea90969,LEWIS_827
England,E12000007,E09000023,Lewisham,LEWIS_0efaaa241b78,5e27ecf27be5,LEWIS_828
England,E12000007,E09000023,Lewisham,LEWIS_1ce58ead38cc,7068a7d8641e,LEWIS_829
England,E12000007,E09000023,Lewisham,LEWIS_1b7fbdc10c67,68d425a19e9d,LEWIS_830
England,E12000007,E09000023,Lewisham,LEWIS_af8c123d3b1d,b2aae9d848a0,LEWIS_831
England,E12000007,E09000023,Lewisham,LEWIS_81aa54774bce,e7ad7d51d591,LEWIS_832
England,E12000007,E09000023,Lewisham,LEWIS_98c704dbd66a,42dedb079489,LEWIS_833
England,E12000007,E09000023,Lewisham,LEWIS_06920f5b14bc,78dd71a9d714,LEWIS_834
England,E12000007,E09000023,Lewisham,LEWIS_73f30adbd4d3,9d260e3cda22,LEWIS_835
England,E12000007,E09000023,Lewisham,LEWIS_2e94f2673391,dedf52b81185,LEWIS_836
England,E12000007,E09000023,Lewisham,LEWIS_40d7ca3c4cf3,ea40475319ac,LEWIS_837
England,E12000007,E09000023,Lewisham,LEWIS_2ba4d49784d1,f4fa0dd86cde,LEWIS_838
England,E12000007,E09000023,Lewisham,LEWIS_557f3bd8a39c,492cd3a2cf7e,LEWIS_839
England,E12000007,E09000023,Lewisham,LEWIS_dca5e0d507fe,91807c3fa542,LEWIS_840
England,E12000007,E09000023,Lewisham,LEWIS_0e9c6aa05771,1330a40ddb7e,LEWIS_841
England,E12000007,E09000023,Lewisham,LEWIS_32c868d34c5c,203c80867f4b,LEWIS_842
England,E12000007,E09000023,Lewisham,LEWIS_c7023a08ee22,20bb5bcb50a6,LEWIS_843
England,E12000007,E09000023,Lewisham,LEWIS_26c667d52351,d64149b06951,LEWIS_844
England,E12000007,E09000023,Lewisham,LEWIS_e679039da218,dc06a3d68e2b,LEWIS_845
England,E12000007,E09000023,Lewisham,LEWIS_9d10e58fd1e3,e950fbd34c8e,LEWIS_846
England,E12000007,E09000023,Lewisham,LEWIS_25ef1d93e651,fc206bc4dbee,LEWIS_847
England,E12000007,E09000023,Lewisham,LEWIS_288da59371cd,2689cb0e310c,LEWIS_848
England,E12000007,E09000023,Lewisham,LEWIS_2c60340b838f,1781f7d8f6f3,LEWIS_849
England,E12000007,E09000023,Lewisham,LEWIS_48216587d704,221453adc83f,LEWIS_850
England,E12000007,E09000023,Lewisham,LEWIS_d802461113e0,07f40a743bf1,LEWIS_851
England,E12000007,E09000023,Lewisham,LEWIS_b419aab7b230,b8fdd5bb3d4e,LEWIS_852
England,E12000007,E09000023,Lewisham,LEWIS_bb1d3b9c5022,9f40d2ae5123,LEWIS_853
England,E12000007,E09000023,Lewisham,LEWIS_98c61580517d,75cc8d7a08a5,LEWIS_854
England,E12000007,E09000023,Lewisham,LEWIS_ed2e06155fc7,bdee9fc5e800,LEWIS_855
England,E12000007,E09000023,Lewisham,LEWIS_93da52360a62,821b34c36d2c,LEWIS_856
England,E12000007,E09000023,Lewisham,LEWIS_1956bc9f1633,73581c3c236c,LEWIS_857
England,E12000007,E09000023,Lewisham,LEWIS_f6d62c659805,5a79253ac4db,LEWIS_858
England,E12000007,E09000023,Lewisham,LEWIS_c331f87cafa9,ea0c15f4f175,LEWIS_859
England,E12000007,E09000023,Lewisham,LEWIS_8824543d4ef2,999e2fe88585,LEWIS_860
England,E12000007,E09000023,Lewisham,LEWIS_4ca8bedc46ff,44200be301e1,LEWIS_861
England,E12000007,E09000023,Lewisham,LEWIS_357f7414b2f5,9da197db9f50,LEWIS_862
England,E12000007,E09000023,Lewisham,LEWIS_7a90ceebf312,1dc63ecbdd68,LEWIS_863
England,E12000007,E09000023,Lewisham,LEWIS_e237297fc7cc,0555bb935e63,LEWIS_864
England,E12000007,E09000023,Lewisham,LEWIS_61d3c87e9a0f,be8e23228e4f,LEWIS_865
England,E12000007,E09000023,Lewisham,LEWIS_989f9e8e91bb,43c723e92026,LEWIS_866
England,E12000007,E09000023,Lewisham,LEWIS_57ce2e3a23f5,89873821dcb3,LEWIS_867
England,E12000007,E09000023,Lewisham,LEWIS_c749f6563dcf,0af8f4f6317e,LEWIS_868
England,E12000007,E09000023,Lewisham,LEWIS_e0279f2a5858,bf0b67c4bba0,LEWIS_869
England,E12000007,E09000023,Lewisham,LEWIS_c85b3cae2dd0,f3073675a7fb,LEWIS_870
England,E12000007,E09000023,Lewisham,LEWIS_9f641298652e,a9aa06fc1657,LEWIS_871
England,E12000007,E09000023,Lewisham,LEWIS_a8653fc45664,03a6dd560e68,LEWIS_872
England,E12000007,E09000023,Lewisham,LEWIS_849f00095a84,a8f7a8ebaf48,LEWIS_873
England,E12000007,E09000023,Lewisham,LEWIS_a9b033c86ac6,8095f3757718,LEWIS_874
England,E12000007,E09000023,Lewisham,LEWIS_3ac1db700471,56b8c5788bea,LEWIS_875
England,E12000007,E09000023,Lewisham,LEWIS_77672f0af6a6,ebad79f53178,LEWIS_876
England,E12000007,E09000023,Lewisham,LEWIS_1e47e4fac3e2,dda0656dfd10,LEWIS_877
England,E12000007,E09000023,Lewisham,LEWIS_62ec7a63f5ef,885483aa8208,LEWIS_878
England,E12000007,E09000023,Lewisham,LEWIS_9ba694e102f0,0bbebc3a8cb3,LEWIS_879
England,E12000007,E09000023,Lewisham,LEWIS_c52f4845b326,2fde728f589a,LEWIS_880
England,E12000007,E09000023,Lewisham,LEWIS_d9204e6b8d76,4173dd338462,LEWIS_881
England,E12000007,E09000023,Lewisham,LEWIS_761a73e76c1f,7b07cf1f10b3,LEWIS_882
England,E12000007,E09000023,Lewisham,LEWIS_40839d468524,23585844ad24,LEWIS_883
England,E12000007,E09000023,Lewisham,LEWIS_b8d2227049bd,d80cfd744bcd,LEWIS_884
England,E12000007,E09000023,Lewisham,LEWIS_e6283c525467,781eb3b675e6,LEWIS_885
England,E12000007,E09000023,Lewisham,LEWIS_3ab9d5ae5f90,d434b2d158cc,LEWIS_886
England,E12000007,E09000023,Lewisham,LEWIS_210f9b757085,9b8685eb2be4,LEWIS_887
England,E12000007,E09000023,Lewisham,LEWIS_e5dd37abd978,c122015d5d92,LEWIS_888
England,E12000007,E09000023,Lewisham,LEWIS_f9779576884f,4fca0d7b64f1,LEWIS_889
England,E12000007,E09000023,Lewisham,LEWIS_9f330b2bdc99,c2626108df7e,LEWIS_890
England,E12000007,E09000023,Lewisham,LEWIS_6f7b67275d10,60f7bf5e620d,LEWIS_891
England,E12000007,E09000023,Lewisham,LEWIS_0f87503adf85,10b0ca106b74,LEWIS_892
England,E12000007,E09000023,Lewisham,LEWIS_c788845e702c,7ee8db421939,LEWIS_893
England,E12000007,E09000023,Lewisham,LEWIS_1cbf5d5dc77e,a16967c3862c,LEWIS_894
England,E12000007,E09000023,Lewisham,LEWIS_9f44190c04d1,04a589a58fd8,LEWIS_895
England,E12000007,E09000023,Lewisham,LEWIS_4345d0d9d83b,dbb427db5240,LEWIS_896
England,E12000007,E09000023,Lewisham,LEWIS_34f9df08945f,afe4fd26fbd0,LEWIS_897
England,E12000007,E09000023,Lewisham,LEWIS_5ff4d1c1c2c8,0d2a9cf8e779,LEWIS_898
England,E12000007,E09000023,Lewisham,LEWIS_1bd1fafa6fd9,74e6d426c42e,LEWIS_899
England,E12000007,E09000023,Lewisham,LEWIS_e2bfb433aedc,f9ecb05ce437,LEWIS_900
England,E12000007,E09000023,Lewisham,LEWIS_31ac3b8f2473,38e3b8e83101,LEWIS_901
England,E12000007,E09000023,Lewisham,LEWIS_824d4d555871,5f8a2a436518,LEWIS_902
England,E12000007,E09000023,Lewisham,LEWIS_de1cb71bd687,df29079a4707,LEWIS_903
England,E12000007,E09000023,Lewisham,LEWIS_7d7bb7ff50b6,f2220b2d6b50,LEWIS_904
England,E12000007,E09000023,Lewisham,LEWIS_1d192a4f30b7,067d50e02aff,LEWIS_905
England,E12000007,E09000023,Lewisham,LEWIS_4a45c85ec4b3,b1ec8ef2ce9f,LEWIS_906
England,E12000007,E09000023,Lewisham,LEWIS_c7b767f65687,72177f537df4,LEWIS_907
England,E12000007,E09000023,Lewisham,LEWIS_08259c2897ef,780c8e9e8c3e,LEWIS_908
England,E12000007,E09000023,Lewisham,LEWIS_378e15bd801f,0cf21ee82b4e,LEWIS_909
England,E12000007,E09000023,Lewisham,LEWIS_9bb56b8abfe2,57d5a8e59593,LEWIS_910
England,E12000007,E09000023,Lewisham,LEWIS_2fb392a1542f,ccf60da4bd2a,LEWIS_911
England,E12000007,E09000023,Lewisham,LEWIS_3090a16fd73e,cf3299506274,LEWIS_912
England,E12000007,E09000023,Lewisham,LEWIS_41dbe6c739d2,3d012880a60f,LEWIS_913
England,E12000007,E09000023,Lewisham,LEWIS_579513184b90,b3135e7b6664,LEWIS_914
England,E12000007,E09000023,Lewisham,LEWIS_24c6973d8a7a,1066ac90737b,LEWIS_915
England,E12000007,E09000023,Lewisham,LEWIS_be88bc3b1b1d,a6fdf08dd823,LEWIS_916
England,E12000007,E09000023,Lewisham,LEWIS_3c1f9b18c0ab,727b9a6f904d,LEWIS_917
England,E12000007,E09000023,Lewisham,LEWIS_d5d3fd25f0f0,524c0c45d99c,LEWIS_918
England,E12000007,E09000023,Lewisham,LEWIS_d015275a753a,40de9072c534,LEWIS_919
England,E12000007,E09000023,Lewisham,LEWIS_d4cd038d65a9,c6ac94851031,LEWIS_920
England,E12000007,E09000023,Lewisham,LEWIS_20ccc0657fa4,f8bd5137f5d3,LEWIS_921
England,E12000007,E09000023,Lewisham,LEWIS_7bef34e23ed5,1d026f488bd5,LEWIS_922
England,E12000007,E09000023,Lewisham,LEWIS_58e371f50e3a,64ebf42085a5,LEWIS_923
England,E12000007,E09000023,Lewisham,LEWIS_8182c6e74828,b25933e0b17e,LEWIS_924
England,E12000007,E09000023,Lewisham,LEWIS_216e6c340dee,67a647076c34,LEWIS_925
England,E12000007,E09000023,Lewisham,LEWIS_09e59baabddb,babe2bd1b96a,LEWIS_926
England,E12000007,E09000023,Lewisham,LEWIS_5363f272995a,46cb48376e84,LEWIS_927
England,E12000007,E09000023,Lewisham,LEWIS_2934633923ef,f762b56a02fd,LEWIS_928
England,E12000007,E09000023,Lewisham,LEWIS_c1655533c71f,58036dcae44a,LEWIS_929
England,E12000007,E09000023,Lewisham,LEWIS_4ea17e94ad40,abb5b0bd7770,LEWIS_930
England,E12000007,E09000023,Lewisham,LEWIS_746513db32af,96dbfd7119f0,LEWIS_931
England,E12000007,E09000023,Lewisham,LEWIS_bd4cb13cbdbd,e9dd296adb4a,LEWIS_932
England,E12000007,E09000023,Lewisham,LEWIS_88ff6117c0cb,16f5f1154728,LEWIS_933
England,E12000007,E09000023,Lewisham,LEWIS_585e9f08c30d,7ca77859b621,LEWIS_934
England,E12000007,E09000023,Lewisham,LEWIS_b5b31d613e7a,22a63ccc5d88,LEWIS_935
England,E12000007,E09000023,Lewisham,LEWIS_822bab1bad0f,65f69bcbff18,LEWIS_936
England,E12000007,E09000023,Lewisham,LEWIS_17d9021f2ee9,224fe02aaedf,LEWIS_937
England,E12000007,E09000023,Lewisham,LEWIS_601b254c98ac,d6b2b6e373e0,LEWIS_938
England,E12000007,E09000023,Lewisham,LEWIS_a1441466ea0e,ee1b4a55dc3d,LEWIS_939
England,E12000007,E09000023,Lewisham,LEWIS_d48830586aa4,d7b5b84fd8bb,LEWIS_940
England,E12000007,E09000023,Lewisham,LEWIS_ba43652585b3,0a11eb1f5022,LEWIS_941
England,E12000007,E09000023,Lewisham,LEWIS_4402977824e0,8a892e585339,LEWIS_942
England,E12000007,E09000023,Lewisham,LEWIS_733b11b2e976,0b9f3d1cf3fc,LEWIS_943
England,E12000007,E09000023,Lewisham,LEWIS_ae1702c01227,83d13f92adfa,LEWIS_944
England,E12000007,E09000023,Lewisham,LEWIS_8ee42bade2e1,05a8671aaae6,LEWIS_945
England,E12000007,E09000023,Lewisham,LEWIS_6930171b7ae9,aa26226936d9,LEWIS_946
England,E12000007,E09000023,Lewisham,LEWIS_49957fb189e0,9428dbc2abf6,LEWIS_947
England,E12000007,E09000023,Lewisham,LEWIS_b4ebf0df0e53,7a0ca8380d44,LEWIS_948
England,E12000007,E09000023,Lewisham,LEWIS_6cca4012550c,006f89d4a041,LEWIS_949
England,E12000007,E09000023,Lewisham,LEWIS_cf823ad1739a,41a552ef19ac,LEWIS_950
England,E12000007,E09000023,Lewisham,LEWIS_0c228d0627bb,d084a5bf3959,LEWIS_951
England,E12000007,E09000023,Lewisham,LEWIS_93f0a89d9c1d,31531086be67,LEWIS_952
England,E12000007,E09000023,Lewisham,LEWIS_6d6ee34cfeda,c9895593656a,LEWIS_953
England,E12000007,E09000023,Lewisham,LEWIS_c0a2ae2d84cc,c4570991493d,LEWIS_954
England,E12000007,E09000023,Lewisham,LEWIS_d42fb01e35ca,8a10c1e2b751,LEWIS_955
England,E12000007,E09000023,Lewisham,LEWIS_7236d706d4dc,7a9b95ab1759,LEWIS_956
England,E12000007,E09000023,Lewisham,LEWIS_2fe8ebf3b61e,5e52ed2b480e,LEWIS_957
England,E12000007,E09000023,Lewisham,LEWIS_e05c7a73dafa,6fa2256e9c3b,LEWIS_958
England,E12000007,E09000023,Lewisham,LEWIS_0102e69e44fd,ae3bfa42c832,LEWIS_959
England,E12000007,E09000023,Lewisham,LEWIS_a74b8c8ce71d,ef1b1c3eb81a,LEWIS_960
England,E12000007,E09000023,Lewisham,LEWIS_0a48fd1f90f7,94a9284e4f08,LEWIS_961
England,E12000007,E09000023,Lewisham,LEWIS_3f19a93ab57f,73330285b135,LEWIS_962
England,E12000007,E09000023,Lewisham,LEWIS_f3b887508383,f41bd8606043,LEWIS_963
England,E12000007,E09000023,Lewisham,LEWIS_eec0641d686f,21eefaa626c1,LEWIS_964
England,E12000007,E09000023,Lewisham,LEWIS_777d1ce5a86e,42a18f6a5b6b,LEWIS_965
England,E12000007,E09000023,Lewisham,LEWIS_31c5309d37f6,ae6db06050cc,LEWIS_966
England,E12000007,E09000023,Lewisham,LEWIS_a007f34dd13a,95071780edc1,LEWIS_967
England,E12000007,E09000023,Lewisham,LEWIS_a10fd50588eb,00aff3136782,LEWIS_968
England,E12000007,E09000023,Lewisham,LEWIS_1083a1e90c4b,8469976ea7d9,LEWIS_969
England,E12000007,E09000023,Lewisham,LEWIS_0376849c3db4,87ee9116e7bc,LEWIS_970
England,E12000007,E09000023,Lewisham,LEWIS_e77fdeba2bfc,e663eb73d85e,LEWIS_971
England,E12000007,E09000023,Lewisham,LEWIS_34f6f7412d81,4b80a95977f3,LEWIS_972
England,E12000007,E09000023,Lewisham,LEWIS_ea91416ff565,3142475b8e0a,LEWIS_973
England,E12000007,E09000023,Lewisham,LEWIS_0d26c243ebd1,396813f661c4,LEWIS_974
England,E12000007,E09000023,Lewisham,LEWIS_380b84c4999e,dc1deb8a0df5,LEWIS_975
England,E12000007,E09000023,Lewisham,LEWIS_df8f3e9632a3,e847bb6af64b,LEWIS_976
England,E12000007,E09000023,Lewisham,LEWIS_3f7dc39230d2,8311459d32c7,LEWIS_977
England,E12000007,E09000023,Lewisham,LEWIS_38dcd2200565,4a4ae709cafe,LEWIS_978
England,E12000007,E09000023,Lewisham,LEWIS_d475b1d84927,43c8c27e0fc3,LEWIS_979
England,E12000007,E09000023,Lewisham,LEWIS_fbf9c1586588,16c9c1636de3,LEWIS_980
England,E12000007,E09000023,Lewisham,LEWIS_c767d7f84766,da98093bb49b,LEWIS_981
England,E12000007,E09000023,Lewisham,LEWIS_a776112a5bd1,49af9c52f586,LEWIS_982
England,E12000007,E09000023,Lewisham,LEWIS_5a013dfae6a5,caa1aaa9f6f7,LEWIS_983
England,E12000007,E09000023,Lewisham,LEWIS_9fae358ddf89,e9b5cb300d95,LEWIS_984
England,E12000007,E09000023,Lewisham,LEWIS_ba391861ec19,08d177ee7209,LEWIS_985
England,E12000007,E09000023,Lewisham,LEWIS_4568f49d321b,d373de965ea3,LEWIS_986
England,E12000007,E09000023,Lewisham,LEWIS_db52ea7ff15e,0ab7eacd6e2f,LEWIS_987
England,E12000007,E09000023,Lewisham,LEWIS_3cb27e156a74,c8debd15921e,LEWIS_988
England,E12000007,E09000023,Lewisham,LEWIS_c0d2b790cd3a,8d777bb23f0c,LEWIS_989
England,E12000007,E09000023,Lewisham,LEWIS_bcd427763253,1f83a4de5060,LEWIS_990
England,E12000007,E09000023,Lewisham,LEWIS_2686a8724f8e,ce2ab049c56e,LEWIS_991
England,E12000007,E09000023,Lewisham,LEWIS_e6cd0b59ba32,36c99d4f3d6b,LEWIS_992
England,E12000007,E09000023,Lewisham,LEWIS_50dfa1aa8148,a2d1a637acd6,LEWIS_993
England,E12000007,E09000023,Lewisham,LEWIS_9420caaff581,fb14ab7661e6,LEWIS_994
England,E12000007,E09000023,Lewisham,LEWIS_65f829f22749,87525887fc9e,LEWIS_995
England,E12000007,E09000023,Lewisham,LEWIS_812508086a98,18db26107de0,LEWIS_996
England,E12000007,E09000023,Lewisham,LEWIS_cf4387897b3b,b3625603db73,LEWIS_997
England,E12000007,E09000023,Lewisham,LEWIS_13a8527c38bc,e5fe393984b7,LEWIS_998
England,E12000007,E09000023,Lewisham,LEWIS_52e069926349,bdffa63a6d50,LEWIS_999
England,E12000007,E09000023,Lewisham,LEWIS_175cdec70e95,4f133e02dedf,LEWIS_1000
England,E12000007,E09000023,Lewisham,LEWIS_925a68c763c8,d89e98a329b8,LEWIS_1001
England,E12000007,E09000023,Lewisham,LEWIS_af8183486378,bd3515da7664,LEWIS_1002
England,E12000007,E09000023,Lewisham,LEWIS_d3023c9f13a1,1df64d478092,LEWIS_1003
England,E12000007,E09000023,Lewisham,LEWIS_169631876db2,0da6326ccb6a,LEWIS_1004
England,E12000007,E09000023,Lewisham,LEWIS_baa3bab63588,a8c4634eaf4c,LEWIS_1005
England,E12000007,E09000023,Lewisham,LEWIS_3c2f02e79876,78ce9a575c2b,LEWIS_1006
England,E12000007,E09000023,Lewisham,LEWIS_5280d36922e1,1a6c9c6263bb,LEWIS_1007
England,E12000007,E09000023,Lewisham,LEWIS_377143e8209f,e642ef073b43,LEWIS_1008
England,E12000007,E09000023,Lewisham,LEWIS_3f714348c1a2,73bf23f26e9b,LEWIS_1009
England,E12000007,E09000023,Lewisham,LEWIS_cb603c9f17ec,e87302f3a18b,LEWIS_1010
England,E12000007,E09000023,Lewisham,LEWIS_b4b05f78e651,9c7546b020a4,LEWIS_1011
England,E12000007,E09000023,Lewisham,LEWIS_f7f6d2e2eb98,6c754ea213a2,LEWIS_1012
England,E12000007,E09000023,Lewisham,LEWIS_2bc1288b514f,31d31c045a5b,LEWIS_1013
England,E12000007,E09000023,Lewisham,LEWIS_6c1896c79c24,cc35a5d02fd5,LEWIS_1014
England,E12000007,E09000023,Lewisham,LEWIS_f55dc1acd0a3,8937a98f52ba,LEWIS_1015
England,E12000007,E09000023,Lewisham,LEWIS_bfc93dd0f553,056a07bfcc50,LEWIS_1016
England,E12000007,E09000023,Lewisham,LEWIS_7f5b0a4fd795,7e01eb30eeb1,LEWIS_1017
England,E12000007,E09000023,Lewisham,LEWIS_17de6869a390,93707801e1c9,LEWIS_1018
England,E12000007,E09000023,Lewisham,LEWIS_ab547007f0af,a0312af5cfda,LEWIS_1019
England,E12000007,E09000023,Lewisham,LEWIS_7c03733b44d9,c1f79ef6a100,LEWIS_1020
England,E12000007,E09000023,Lewisham,LEWIS_d956c37b21fb,149931aa793f,LEWIS_1021
England,E12000007,E09000023,Lewisham,LEWIS_54e130dea310,7ab87f12af71,LEWIS_1022
England,E12000007,E09000023,Lewisham,LEWIS_fc99fb04e8d9,5a14db277598,LEWIS_1023
England,E12000007,E09000023,Lewisham,LEWIS_ec950c5b0dd2,3bb7c2a2ad32,LEWIS_1024
England,E12000007,E09000023,Lewisham,LEWIS_826bbfc2608b,b34b42209fe4,LEWIS_1025
England,E12000007,E09000023,Lewisham,LEWIS_fec2301de190,a774197143b7,LEWIS_1026
England,E12000007,E09000023,Lewisham,LEWIS_495017318d6d,461fbf76c229,LEWIS_1027
England,E12000007,E09000023,Lewisham,LEWIS_92f822284c7c,14c5d0b7e743,LEWIS_1028
England,E12000007,E09000023,Lewisham,LEWIS_3b22c0e94890,2b3a3a90953c,LEWIS_1029
England,E12000007,E09000023,Lewisham,LEWIS_6162485e0791,6fc9c5251850,LEWIS_1030
England,E12000007,E09000023,Lewisham,LEWIS_0ea135684032,8a28ac834d47,LEWIS_1031
England,E12000007,E09000023,Lewisham,LEWIS_281b03b3ca38,e51cd0115fa3,LEWIS_1032
England,E12000007,E09000023,Lewisham,LEWIS_d0cfcfb7ab85,e6275ca64812,LEWIS_1033
England,E12000007,E09000023,Lewisham,LEWIS_729ec5c41ce8,d8cf49ccd10a,LEWIS_1034
England,E12000007,E09000023,Lewisham,LEWIS_1aa10648cc9d,5125c651cc93,LEWIS_1035
England,E12000007,E09000023,Lewisham,LEWIS_526f21f88f81,76b82dad6121,LEWIS_1036
England,E12000007,E09000023,Lewisham,LEWIS_a97a777bc860,d20fc8fcaedf,LEWIS_1037
England,E12000007,E09000023,Lewisham,LEWIS_ef318eb668e3,0ea108394584,LEWIS_1038
England,E12000007,E09000023,Lewisham,LEWIS_d1603dd61adb,707d763cbd2b,LEWIS_1039
England,E12000007,E09000023,Lewisham,LEWIS_53762f660368,3f68477bb412,LEWIS_1040
